SYMBOL,PRICE,TARGET,SCORE,RSI,PE_RATIO,MARKET_CAP,SECTOR,VOL_SURGE
20MICRONS,159.38,178.51,6,51.43,8.73,563.27,Basic Materials,0.83
21STCENMGM,29.75,33.32,0,31.32,0.0,31.24,Financial Services,0.13
360ONE,998.1,1117.87,5,46.66,35.06,40536.68,Financial Services,2.91
3IINFOLTD,15.37,17.21,8,64.75,5.12,319.03,Technology,0.3
3MINDIA,31050.0,34776.0,2,43.22,92.71,34978.04,Industrials,1.59
3PLAND,35.05,39.26,8,63.01,0.0,0.0,General,0.35
5PAISA,300.5,336.56,6,53.13,21.62,939.12,Financial Services,0.56
63MOONS,550.95,617.06,6,51.18,0.0,2538.85,Technology,0.83
A2ZINFRA,17.23,19.3,8,58.4,123.07,303.45,Industrials,0.63
AAATECH,98.34,110.14,6,57.07,39.98,126.14,Technology,1.22
AADHARHFC,472.0,528.64,8,54.1,20.23,20565.21,Financial Services,1.37
AAKASH,8.1,9.07,0,43.04,810.0,82.01,Energy,0.28
AAREYDRUGS,65.26,73.09,6,52.31,53.49,185.07,Healthcare,1.25
AARON,144.02,161.3,6,51.97,43.12,301.67,Industrials,0.91
AARTECH,43.52,48.74,6,51.81,79.13,138.26,Industrials,1.08
AARTIDRUGS,357.65,400.57,6,53.74,16.16,3265.86,Healthcare,0.62
AARTIIND,421.55,472.14,6,50.91,40.46,15308.32,Basic Materials,0.66
AARTIPHARM,680.95,762.66,6,54.29,28.93,6182.66,Healthcare,0.54
AARTISURF,401.2,449.34,8,60.93,18.99,340.36,Basic Materials,0.8
AARVI,128.86,144.32,8,52.29,12.02,190.85,Industrials,0.6
AAVAS,1220.5,1366.96,6,56.18,15.58,9680.37,Financial Services,0.48
ABB,6614.0,7407.68,5,65.85,83.96,140164.33,Industrials,1.46
ABBOTINDIA,25780.0,28873.6,0,42.79,36.0,54865.35,Healthcare,1.08
ABCAPITAL,334.55,374.7,10,56.24,25.21,87724.95,Financial Services,1.62
ABCOTS,400.65,448.73,0,44.09,58.4,879.97,Consumer Cyclical,1.37
ABDL,466.55,522.54,6,58.12,48.85,13049.88,Consumer Defensive,1.17
ABFRL,58.43,65.44,0,44.97,0.0,7107.35,Consumer Cyclical,0.7
ABINFRA,16.43,18.4,0,42.52,44.41,1049.53,Industrials,0.13
ABLBL,99.62,111.57,6,52.33,0.0,12115.89,Consumer Cyclical,0.18
ABMINTLLTD,45.3,50.74,8,56.18,0.0,42.62,Basic Materials,0.47
ABREL,1289.4,1444.13,8,60.03,0.0,14255.5,Real Estate,0.73
ABSLAMC,967.75,1083.88,8,57.08,27.53,27949.22,Financial Services,0.25
ACC,1391.9,1558.93,6,46.83,9.89,26138.11,Basic Materials,0.69
ACCELYA,1136.5,1272.88,3,46.55,15.73,1701.43,Technology,0.54
ACCURACY,5.37,6.01,7,65.24,31.59,80.85,Industrials,2.12
ACE,865.85,969.75,8,55.97,24.4,10305.59,Industrials,0.65
ACEINTEG,17.99,20.15,6,53.99,0.0,18.35,Industrials,0.18
ACI,608.55,681.58,8,58.96,51.27,7513.06,Basic Materials,1.32
ACL,54.63,61.19,8,58.92,0.0,503.54,Basic Materials,0.87
ACMESOLAR,273.1,305.87,8,61.7,34.01,16530.65,Utilities,0.21
ACUTAAS,2322.1,2600.75,8,53.26,66.27,19011.29,Basic Materials,0.41
ADANIENSOL,1078.75,1208.2,8,62.63,58.09,129738.91,Utilities,1.0
ADANIENT,2040.5,2285.36,6,56.05,18.45,277902.5,Energy,1.01
ADANIGREEN,1044.55,1169.9,5,70.44,122.17,172055.8,Utilities,1.2
ADANIPORTS,1447.4,1621.09,6,55.25,25.08,333475.03,Industrials,1.04
ADANIPOWER,172.33,193.01,5,74.86,29.41,332356.39,Utilities,0.95
ADFFOODS,184.27,206.38,6,51.46,25.17,2024.46,Consumer Defensive,0.7
ADL,67.9,76.05,6,53.66,2263.33,39.24,Consumer Cyclical,0.3
ADOR,874.5,979.44,2,37.71,23.11,1521.88,Industrials,4.75
ADROITINFO,9.88,11.07,8,59.68,21.48,56.58,Technology,0.22
ADSL,112.98,126.54,6,57.24,19.79,638.5,Technology,1.11
ADVAIT,1809.1,2026.19,8,60.06,43.6,1979.7,Industrials,1.33
ADVANCE,100.45,112.5,6,47.55,22.08,645.75,Basic Materials,0.41
ADVANIHOTR,52.17,58.43,6,52.82,20.46,482.25,Consumer Cyclical,1.16
ADVENTHTL,152.19,170.45,6,45.01,13.31,820.96,Consumer Cyclical,0.41
ADVENZYMES,291.85,326.87,8,56.6,21.48,3266.58,Basic Materials,1.4
AEGISLOG,605.6,678.27,0,43.98,27.64,21256.56,Energy,0.5
AEGISVOPAK,187.32,209.8,6,49.91,148.67,20754.9,Energy,0.76
AEQUS,124.98,139.98,6,46.91,0.0,8184.37,Industrials,0.25
AEROENTER,81.29,91.04,8,61.54,11.66,919.27,Basic Materials,1.36
AEROFLEX,274.46,307.4,7,66.48,72.42,3634.69,Industrials,1.68
AERONEU,79.2,88.7,8,62.26,104.21,204.97,Consumer Cyclical,0.86
AETHER,1133.8,1269.86,8,57.21,69.86,15056.09,Basic Materials,0.54
AFCONS,310.65,347.93,8,63.31,25.38,11425.23,Industrials,0.81
AFFLE,1396.0,1563.52,6,48.29,44.84,19632.15,Communication Services,0.34
AFFORDABLE,168.06,188.23,6,55.62,42.23,189.0,Industrials,1.11
AFIL,8.64,9.68,8,61.93,9.82,368.71,Financial Services,1.02
AFSL,201.07,225.2,3,47.65,7.32,1018.6,Financial Services,0.57
AGARIND,400.35,448.39,0,38.65,10.26,598.84,Basic Materials,0.48
AGARWALEYE,435.05,487.26,6,52.35,109.04,13782.71,Healthcare,0.75
AGI,519.1,581.39,6,49.34,10.09,3358.44,Consumer Cyclical,1.36
AGIIL,361.7,405.1,7,72.84,52.73,4521.16,Real Estate,2.8
AGRITECH,116.09,130.02,8,56.07,0.0,69.04,Consumer Defensive,1.85
AGROPHOS,33.28,37.27,8,56.23,13.42,67.47,Basic Materials,1.14
AGSTRA,3.16,3.54,6,56.63,0.0,40.48,Technology,1.22
AHCL,121.61,136.2,8,55.99,18.65,646.38,Healthcare,0.77
AHLADA,43.89,49.16,6,57.65,24.25,56.71,Industrials,1.06
AHLEAST,163.02,182.58,8,62.35,0.0,290.16,Consumer Cyclical,0.48
AHLUCONT,763.0,854.56,6,54.75,19.12,5111.15,Industrials,0.65
AHLWEST,166.51,186.49,7,98.88,3.65,194.0,Consumer Cyclical,2.83
AIAENG,3631.8,4067.62,6,47.87,29.15,33892.09,Industrials,0.39
AIIL,430.25,481.88,0,43.0,10.05,36537.93,Financial Services,0.22
AIRAN,16.58,18.57,8,57.97,24.75,207.28,Technology,0.58
AIROLAM,82.78,92.71,0,40.43,45.99,124.19,Consumer Cyclical,0.63
AJANTPHARM,2751.0,3081.12,0,40.26,33.85,34386.55,Healthcare,0.64
AJAXENGG,465.4,521.25,6,49.98,24.24,5324.49,Industrials,0.72
AJMERA,121.23,135.78,6,53.43,18.23,2387.33,Real Estate,0.64
AJOONI,4.35,4.87,6,54.33,21.75,74.93,Consumer Defensive,1.0
AKASH,27.33,30.61,8,61.42,19.25,46.09,Industrials,0.52
AKG,11.01,12.33,8,49.38,57.95,34.99,Industrials,3.24
AKI,5.46,6.12,8,60.35,14.37,56.69,Consumer Cyclical,0.25
AKSHAR,0.44,0.49,8,52.47,0.0,34.65,Consumer Cyclical,3.31
AKSHARCHEM,181.69,203.49,6,51.22,0.0,145.95,Basic Materials,0.21
AKSHOPTFBR,5.23,5.86,8,62.15,0.0,85.09,Technology,0.45
AKUMS,491.75,550.76,8,53.19,23.53,7528.79,Healthcare,1.33
AKZOINDIA,2980.7,3338.38,8,54.68,6.94,13574.2,Basic Materials,0.19
ALANKIT,8.98,10.06,8,62.83,11.51,244.18,Technology,0.6
ALBERTDAVD,725.8,812.9,10,63.79,43.1,416.14,Healthcare,5.36
ALEMBICLTD,84.67,94.83,6,53.52,6.82,2174.17,Real Estate,0.95
ALGOQUANT,52.28,58.55,0,42.36,6.07,1469.57,Financial Services,0.86
ALICON,634.05,710.14,0,42.34,28.86,1035.84,Industrials,0.8
ALIVUS,1042.55,1167.66,5,73.09,23.54,12830.05,Healthcare,0.5
ALKALI,64.4,72.13,8,60.78,74.02,65.58,Basic Materials,0.9
ALKEM,5370.5,6014.96,6,50.52,27.08,64212.38,Healthcare,1.01
ALKYLAMINE,1363.9,1527.57,6,50.39,38.74,6975.54,Basic Materials,0.16
ALLCARGO,8.34,9.34,6,53.95,17.74,1250.35,Industrials,0.98
ALLDIGI,828.65,928.09,8,59.83,17.38,1262.72,Industrials,1.33
ALLTIME,217.96,244.12,6,53.05,39.92,1427.81,Consumer Defensive,0.56
ALMONDZ,13.6,15.23,6,48.89,7.95,236.69,Financial Services,0.22
ALOKINDS,13.34,14.94,6,52.15,0.0,6623.63,Consumer Cyclical,0.91
ALPA,69.36,77.68,8,62.17,12.57,145.94,Healthcare,0.5
ALPHAGEO,226.33,253.49,5,65.51,0.0,144.42,Energy,0.34
AMAGI,339.45,380.18,3,45.5,1996.76,7343.63,Technology,1.01
AMANTA,106.03,118.75,10,57.77,30.12,411.71,Healthcare,1.8
AMBER,6888.5,7715.12,6,51.46,148.08,24241.78,Consumer Cyclical,0.94
AMBICAAGAR,23.7,26.54,6,53.1,32.47,40.71,Consumer Defensive,0.14
AMBIKCO,1404.2,1572.7,8,62.63,12.79,803.9,Consumer Cyclical,0.86
AMBUJACEM,434.05,486.14,6,46.65,28.99,107289.49,Basic Materials,1.21
AMDIND,42.05,47.1,8,58.55,0.0,81.52,Consumer Cyclical,0.33
AMJLAND,41.48,46.46,8,58.58,8.5,170.07,Real Estate,0.28
AMNPLST,154.69,173.25,6,54.23,25.07,859.75,Basic Materials,0.15
AMRUTANJAN,530.95,594.66,6,46.5,26.97,1534.45,Healthcare,0.22
ANANDRATHI,3553.7,3980.14,7,81.18,80.44,29505.89,Financial Services,6.4
ANANTRAJ,476.75,533.96,6,51.26,31.39,17166.54,Real Estate,0.84
ANDHRAPAP,62.22,69.69,6,49.61,66.19,1237.25,Basic Materials,0.21
ANDHRSUGAR,74.61,83.56,8,57.54,12.11,1012.29,Basic Materials,0.57
ANGELONE,281.8,315.62,7,71.84,34.41,25670.27,Financial Services,2.97
ANIKINDS,42.78,47.91,6,56.62,70.13,118.73,Consumer Defensive,0.55
ANKITMETAL,1.59,1.78,6,56.01,0.0,22.44,Basic Materials,0.44
ANMOL,11.19,12.53,6,53.26,6.15,63.82,Energy,0.72
ANSALAPI,3.14,3.52,2,38.91,0.0,49.43,Real Estate,2.38
ANTELOPUS,631.75,707.56,8,58.55,13.46,2221.38,Energy,0.06
ANTGRAPHIC,0.84,0.94,6,57.04,0.0,13.02,Consumer Cyclical,0.58
ANTHEM,720.25,806.68,7,67.05,84.14,40457.44,Healthcare,2.13
ANUHPHR,78.04,87.4,8,58.1,18.67,782.15,Healthcare,0.85
ANUP,1863.3,2086.9,8,62.16,32.42,3755.43,Industrials,0.88
ANURAS,1275.9,1429.01,8,54.25,82.96,14544.47,Basic Materials,1.34
APARINDS,10767.0,12059.04,10,62.93,44.44,43250.77,Industrials,1.6
APCL,115.66,129.54,6,51.1,0.0,339.75,Basic Materials,0.1
APCOTEXIND,379.35,424.87,8,61.01,23.55,1966.74,Basic Materials,0.57
APEX,407.6,456.51,8,58.15,38.6,1273.75,Consumer Defensive,0.53
APLAPOLLO,2040.3,2285.14,6,53.02,49.57,56650.64,Basic Materials,0.85
APLLTD,720.15,806.57,6,55.48,22.48,14189.79,Healthcare,0.35
APOLLO,232.52,260.42,10,61.94,91.54,8744.69,Industrials,6.23
APOLLOHOSP,7481.5,8379.28,8,51.46,59.81,107572.49,Healthcare,0.9
APOLLOPIPE,450.8,504.9,5,68.81,134.57,1979.91,Industrials,0.4
APOLLOTYRE,440.35,493.19,6,55.54,30.14,27888.33,Consumer Cyclical,0.69
APOLSINHOT,1046.6,1172.19,0,42.62,27.33,272.16,Industrials,0.13
APTECHT,82.98,92.94,6,55.64,18.04,481.31,Consumer Defensive,0.78
APTUS,217.83,243.97,8,50.54,12.27,10907.68,Financial Services,1.81
AQYLON,45.2,50.62,0,15.49,82.18,1146.86,Communication Services,0.52
ARCHIDPLY,80.13,89.75,8,60.06,33.67,160.28,Basic Materials,0.59
ARCHIES,14.6,16.35,6,55.29,0.0,49.32,Consumer Cyclical,0.3
ARE&M,740.15,828.97,0,44.08,18.24,13548.11,Industrials,0.8
ARENTERP,39.48,44.22,6,53.76,0.0,12.77,Basic Materials,1.09
ARFIN,86.23,96.58,5,69.78,159.69,1458.87,Basic Materials,1.2
ARIES,365.7,409.58,8,59.73,10.92,475.57,Basic Materials,0.63
ARIHANTCAP,69.51,77.85,6,50.73,19.75,762.79,Financial Services,0.71
ARIHANTSUP,227.78,255.11,6,50.4,22.94,985.15,Real Estate,0.17
ARKADE,114.26,127.97,8,59.95,14.43,2121.39,Real Estate,0.64
ARMANFIN,1602.0,1794.24,8,59.82,59.91,1684.17,Financial Services,0.45
AROGRANITE,24.28,27.19,6,53.81,0.0,37.15,Industrials,1.31
ARROWGREEN,536.1,600.43,5,69.05,15.76,812.06,Consumer Cyclical,0.16
ARSHIYA,1.26,1.41,2,37.45,0.0,33.2,Industrials,2.42
ARSSBL,558.8,625.86,7,66.16,33.07,3505.09,Financial Services,3.26
ARTEMISMED,227.72,255.05,6,50.44,99.44,0.0,,0.71
ARTNIRMAN,41.11,46.04,8,59.9,80.61,102.59,Real Estate,1.1
ARVEE,169.27,189.58,10,63.82,90.04,186.54,Basic Materials,8.13
ARVIND,382.75,428.68,8,62.45,24.79,10032.44,Consumer Cyclical,0.72
ARVINDFASN,458.75,513.8,8,61.48,0.0,6143.46,Consumer Cyclical,0.45
ARVSMART,587.5,658.0,10,64.73,36.88,2694.69,Real Estate,2.1
ASAHIINDIA,858.75,961.8,6,51.82,70.74,21891.87,Consumer Cyclical,0.1
ASAHISONG,232.43,260.32,8,62.67,17.62,274.9,Basic Materials,0.3
ASAL,441.5,494.48,8,56.58,36.28,700.41,Consumer Cyclical,0.85
ASALCBR,814.25,911.96,8,60.91,18.03,1634.95,Consumer Defensive,0.44
ASHAPURMIN,516.75,578.76,6,49.99,13.07,4936.31,Basic Materials,0.97
ASHIANA,315.85,353.75,8,56.89,26.61,3175.08,Real Estate,1.49
ASHIMASYN,14.82,16.6,6,55.59,0.0,285.94,Real Estate,0.51
ASHOKA,121.33,135.89,6,51.5,1.2,3407.83,Industrials,1.01
ASHOKAMET,15.44,17.29,8,62.77,5.32,38.59,Basic Materials,0.59
ASHOKLEY,170.38,190.83,6,48.19,30.32,100078.73,Industrials,1.04
ASIANENE,292.67,327.79,8,59.02,31.1,1314.37,Energy,1.27
ASIANHOTNR,296.0,331.52,8,50.17,14.18,1264.18,Consumer Cyclical,0.55
ASIANPAINT,2269.6,2541.95,6,50.83,56.5,217562.57,Basic Materials,1.47
ASIANTILES,63.04,70.6,6,52.16,15.19,1874.46,Industrials,0.55
ASKAUTOLTD,438.6,491.23,8,56.64,30.54,8646.67,Consumer Cyclical,0.41
ASMS,8.41,9.42,6,47.41,76.45,257.23,Technology,0.53
ASPINWALL,214.08,239.77,6,50.17,17.78,167.37,Consumer Defensive,0.29
ASTEC,560.0,627.2,3,45.61,0.0,1247.77,Basic Materials,0.62
ASTERDM,668.1,748.27,8,55.59,104.39,34544.76,Healthcare,0.32
ASTRAL,1563.7,1751.34,3,46.29,83.35,42008.83,Industrials,1.09
ASTRAMICRO,1011.05,1132.38,8,60.45,60.07,9599.42,Technology,0.96
ASTRAZEN,8051.0,9017.12,0,42.98,100.05,20127.5,Healthcare,0.84
ASTRON,4.47,5.01,10,64.32,0.0,21.13,Basic Materials,2.67
ATALREAL,24.94,27.93,8,58.88,54.22,309.0,Industrials,1.09
ATAM,62.73,70.26,6,58.02,19.48,72.83,Industrials,0.71
ATGL,549.9,615.89,8,55.5,94.65,60510.58,Utilities,0.16
ATHERENERG,820.25,918.68,7,65.08,0.0,31388.77,Consumer Cyclical,2.88
ATL,24.51,27.45,8,56.21,20.09,715.35,Industrials,0.68
ATLANTAA,40.76,45.65,8,57.59,0.0,332.19,Industrials,1.21
ATLANTAELE,1277.6,1430.91,7,70.5,75.55,9824.31,Industrials,1.77
ATLASCYCLE,85.89,96.2,6,51.56,0.0,55.87,Consumer Cyclical,0.26
ATUL,6456.5,7231.28,8,55.46,31.99,19009.07,Basic Materials,0.33
ATULAUTO,431.3,483.06,6,51.76,32.67,1196.91,Consumer Cyclical,0.68
AUBANK,963.0,1078.56,8,57.61,31.2,71953.51,Financial Services,0.56
AURIGROW,0.31,0.35,6,57.29,3.88,20.65,Industrials,0.18
AURIONPRO,820.6,919.07,6,48.32,22.83,4530.82,Technology,0.63
AUROPHARMA,1340.4,1501.25,8,64.19,22.3,77850.65,Healthcare,0.52
AURUM,170.26,190.69,6,50.34,0.0,1296.83,Real Estate,0.56
AUSOMENT,102.53,114.83,6,52.72,4.71,139.68,Financial Services,1.16
AUTOAXLES,1688.8,1891.46,2,44.08,16.32,2552.11,Consumer Cyclical,1.71
AUTOIND,64.2,71.9,6,52.24,18.99,291.31,Consumer Cyclical,0.41
AVADHSUGAR,470.95,527.46,8,61.8,12.84,942.77,Consumer Defensive,0.45
AVALON,1046.55,1172.14,10,64.03,72.83,6987.41,Technology,1.84
AVANTEL,147.74,165.47,8,60.99,378.82,3925.61,Technology,0.88
AVANTIFEED,1286.0,1440.32,8,57.49,22.79,17521.19,Consumer Defensive,0.78
AVG,153.73,172.18,8,52.84,11.2,231.48,Industrials,0.29
AVL,475.9,533.01,6,53.37,55.53,6148.2,Consumer Cyclical,0.83
AVONMORE,11.89,13.32,5,45.44,14.68,335.52,Financial Services,2.54
AVROIND,113.77,127.42,0,41.43,42.29,151.44,Consumer Cyclical,0.75
AVTNPL,62.35,69.83,6,55.91,16.58,957.52,Basic Materials,0.41
AWFIS,310.81,348.11,6,59.96,38.18,2223.55,Industrials,0.51
AWHCL,510.65,571.93,10,63.6,17.47,1449.84,Industrials,15.33
AWL,177.1,198.35,0,42.69,24.33,22958.8,Consumer Defensive,0.44
AXISBANK,1318.5,1476.72,8,58.49,15.65,410028.97,Financial Services,0.75
AXISCADES,1712.8,1918.34,5,68.13,71.67,7301.09,Industrials,0.85
AXITA,8.92,9.99,6,52.27,0.0,344.63,Consumer Cyclical,0.4
AYMSYNTEX,185.64,207.92,8,51.01,0.0,1090.96,Consumer Cyclical,0.36
AZAD,1672.9,1873.65,8,64.09,87.4,10803.88,Industrials,0.85
BAFNAPH,136.13,152.47,7,67.4,33.37,331.61,Healthcare,1.96
BAGFILMS,5.16,5.78,10,60.79,23.45,107.18,Communication Services,3.56
BAIDFIN,10.97,12.29,6,53.41,8.07,169.91,Financial Services,0.34
BAJAJ-AUTO,9517.0,10659.04,8,56.95,29.89,265764.65,Consumer Cyclical,1.39
BAJAJCON,392.85,439.99,8,62.56,33.75,5131.34,Consumer Defensive,0.86
BAJAJELEC,359.8,402.98,6,49.12,116.06,4159.92,Consumer Cyclical,0.18
BAJAJFINSV,1767.7,1979.82,6,48.81,29.48,282389.56,Financial Services,0.82
BAJAJHCARE,324.05,362.94,6,53.25,20.03,1090.84,Healthcare,0.37
BAJAJHFL,83.89,93.96,6,54.88,28.25,69869.14,Financial Services,0.49
BAJAJHIND,17.47,19.57,8,60.97,0.0,4089.84,Consumer Defensive,1.03
BAJAJHLDNG,9912.5,11102.0,6,52.53,12.55,110319.7,Financial Services,0.87
BAJAJINDEF,254.61,285.16,6,55.6,30.27,814.75,Industrials,0.51
BAJEL,160.99,180.31,8,54.04,169.46,1862.61,Utilities,0.05
BAJFINANCE,903.25,1011.64,6,52.94,31.23,561491.42,Financial Services,0.75
BALAJEE,30.44,34.09,8,62.11,19.27,248.3,Consumer Cyclical,0.29
BALAJITELE,92.02,103.06,8,54.1,15.09,1121.48,Communication Services,1.08
BALAMINES,1066.05,1193.98,6,51.97,23.95,3454.11,Basic Materials,0.85
BALAXI,22.96,25.72,8,62.17,13.43,126.76,Healthcare,0.91
BALKRISHNA,16.71,18.72,8,58.52,0.0,53.84,Consumer Cyclical,0.3
BALKRISIND,2220.9,2487.41,6,50.63,32.76,42933.81,Consumer Cyclical,1.42
BALMLAWRIE,167.25,187.32,6,53.47,10.71,2864.56,Industrials,0.69
BALPHARMA,76.7,85.9,8,63.78,15.07,122.11,Healthcare,0.48
BALRAMCHIN,477.7,535.02,5,48.02,21.66,9653.69,Consumer Defensive,0.38
BALUFORGE,469.35,525.67,8,55.48,21.12,5700.04,Industrials,0.79
BANARBEADS,107.8,120.74,3,46.59,37.96,72.5,Consumer Cyclical,0.98
BANARISUG,3618.5,4052.72,8,50.68,32.1,4537.49,Consumer Defensive,0.15
BANCOINDIA,566.25,634.2,6,50.94,16.61,8114.22,Consumer Cyclical,0.61
BANDHANBNK,165.94,185.85,8,54.78,26.59,26732.48,Financial Services,0.73
BANG,33.48,37.5,6,46.35,8.79,45.4,Consumer Cyclical,0.6
BANKA,65.82,73.72,5,72.06,0.0,71.57,Industrials,0.62
BANKBARODA,274.24,307.15,6,48.94,7.29,141819.43,Financial Services,1.27
BANKINDIA,144.29,161.6,0,44.87,6.69,65690.44,Financial Services,1.16
BANSALWIRE,265.47,297.33,8,57.47,27.06,4159.45,Basic Materials,0.35
BANSWRAS,106.51,119.29,3,48.53,14.24,364.61,Consumer Cyclical,0.25
BASF,3543.6,3968.83,8,56.74,40.42,15338.7,Basic Materials,0.82
BASML,22.25,24.92,8,58.35,9.85,178.17,Consumer Cyclical,0.24
BATAINDIA,701.2,785.34,6,50.4,50.56,9012.35,Consumer Cyclical,0.52
BAYERCROP,4808.9,5385.97,10,59.92,32.24,21625.01,Basic Materials,2.35
BBL,2403.1,2691.47,6,55.66,20.74,2717.16,Industrials,0.48
BBOX,488.0,546.56,3,48.14,39.2,8667.2,Technology,0.55
BBTC,1445.4,1618.85,2,42.17,9.11,10084.83,Consumer Defensive,1.69
BBTCL,177.48,198.78,8,53.1,17.52,364.03,Consumer Cyclical,2.73
BCG,9.62,10.77,6,53.66,2.22,1943.66,Communication Services,0.87
BCLIND,31.99,35.83,8,63.0,8.06,945.99,Consumer Defensive,0.69
BCONCEPTS,248.17,277.95,6,54.72,59.8,309.76,Consumer Cyclical,0.2
BDL,1325.5,1484.56,10,57.57,83.47,48587.86,Industrials,1.51
BEARDSELL,24.23,27.14,6,50.32,10.72,95.56,Industrials,1.2
BECTORFOOD,188.63,211.27,6,46.3,41.37,5785.98,Consumer Defensive,0.81
BEDMUTHA,113.93,127.6,6,48.28,0.0,367.58,Basic Materials,0.38
BEL,439.75,492.52,8,55.44,54.02,321447.53,Industrials,1.13
BELLACASA,281.89,315.72,6,54.58,18.82,377.64,Consumer Cyclical,0.12
BELRISE,202.23,226.5,10,62.68,37.73,17996.03,Consumer Cyclical,1.76
BEML,1602.7,1795.02,6,54.69,53.46,13351.96,Industrials,1.23
BEPL,90.48,101.34,8,60.25,13.4,2251.67,Basic Materials,1.13
BERGEPAINT,435.0,487.2,6,52.49,48.23,50844.03,Basic Materials,0.74
BESTAGRO,16.45,18.42,6,58.82,8.7,587.37,Basic Materials,0.85
BETA,1417.0,1587.04,8,62.53,22.13,1430.4,Healthcare,0.39
BFINVEST,381.4,427.17,6,54.37,8.74,1436.64,Financial Services,0.56
BFUTILITIE,437.2,489.66,6,49.96,10.41,1661.95,Industrials,0.47
BGRENERGY,299.3,335.22,6,52.67,0.0,2159.8,Industrials,0.85
BHAGCHEM,220.77,247.26,8,61.71,218.58,2867.79,Basic Materials,0.28
BHAGERIA,154.72,173.29,8,55.42,13.5,677.25,Basic Materials,0.59
BHAGYANGR,184.97,207.17,7,69.2,16.31,591.85,Basic Materials,9.56
BHANDARI,3.07,3.44,8,55.5,9.9,102.22,Consumer Cyclical,2.33
BHARATCOAL,32.68,36.6,3,46.7,24.76,0.0,Basic Materials,0.75
BHARATFORG,1739.4,1948.13,8,51.81,73.42,83158.74,Consumer Cyclical,1.38
BHARATGEAR,99.45,111.38,6,52.2,11.6,154.24,Consumer Cyclical,1.12
BHARATRAS,1468.1,1644.27,6,54.96,18.4,2440.14,Basic Materials,0.68
BHARATSE,176.74,197.95,8,57.3,27.49,1113.67,Consumer Cyclical,0.94
BHARATWIRE,169.48,189.82,8,55.1,15.17,1162.37,Basic Materials,0.76
BHARTIARTL,1859.4,2082.53,6,51.48,36.72,1132648.31,Communication Services,0.95
BHARTIHEXA,1530.6,1714.27,3,45.01,43.53,76530.0,Communication Services,0.53
BHEL,277.2,310.46,10,61.08,118.46,96522.8,Industrials,2.77
BIGBLOC,47.78,53.51,3,47.06,0.0,676.45,Industrials,0.55
BIKAJI,639.9,716.69,8,55.24,64.96,16051.1,Consumer Defensive,0.53
BIL,728.4,815.81,6,49.17,25.38,976.81,Consumer Cyclical,0.63
BILVYAPAR,6.18,6.92,6,55.22,0.0,20.47,Basic Materials,0.38
BIOCON,345.7,387.18,0,37.43,70.55,55980.29,Healthcare,0.53
BIOFILCHEM,33.18,37.16,8,60.16,19.52,54.9,Healthcare,1.1
BIRLACABLE,127.46,142.76,6,52.04,50.78,382.38,Technology,1.39
BIRLACORPN,931.2,1042.94,6,55.8,13.8,7175.12,Basic Materials,0.4
BIRLAMONEY,126.68,141.88,8,59.14,14.59,716.11,Financial Services,1.08
BIRLANU,1421.5,1592.08,6,53.63,0.0,1072.83,Industrials,0.44
BLACKBUCK,566.75,634.76,0,44.02,27.07,10303.32,Technology,0.45
BLAL,170.4,190.85,6,48.9,0.0,714.13,Financial Services,0.42
BLBLIMITED,16.9,18.93,8,54.65,3.43,89.97,Financial Services,0.13
BLISSGVS,254.07,284.56,5,68.52,24.96,2689.59,Healthcare,1.46
BLKASHYAP,47.82,53.56,3,49.55,99.62,1078.26,Industrials,0.68
BLS,286.91,321.34,8,58.99,18.38,11811.83,Industrials,0.82
BLSE,162.61,182.12,8,57.98,26.31,1474.13,Industrials,0.12
BLUECOAST,23.23,26.02,8,62.02,19.2,40.94,Consumer Cyclical,0.66
BLUEDART,5045.1,5650.51,3,45.1,47.26,11970.98,Industrials,1.02
BLUEJET,369.9,414.29,6,50.26,21.85,6416.49,Healthcare,0.6
BLUESTARCO,1655.6,1854.27,0,44.21,69.07,34037.62,Industrials,0.99
BLUESTONE,489.95,548.74,7,54.31,0.0,7458.58,Consumer Cyclical,1.66
BLUSPRING,65.28,73.11,5,68.35,0.0,975.09,Industrials,0.61
BMWVENTLTD,57.47,64.37,8,54.05,13.72,498.35,Basic Materials,0.33
BODALCHEM,64.84,72.62,5,73.46,27.02,816.62,Basic Materials,0.58
BOHRAIND,17.02,19.06,3,46.48,0.0,17.53,Basic Materials,0.04
BOMDYEING,106.64,119.44,6,51.48,126.95,2202.49,Consumer Cyclical,0.64
BORANA,335.3,375.54,3,45.96,37.93,893.42,Consumer Cyclical,1.23
BOROLTD,242.68,271.8,8,53.07,38.52,2902.02,Consumer Cyclical,0.1
BORORENEW,450.2,504.22,6,56.85,0.0,6319.67,Technology,1.02
BOROSCI,114.12,127.81,8,62.29,63.05,1016.76,Consumer Cyclical,0.24
BOSCH-HCIL,1341.2,1502.14,10,59.13,300.04,3660.17,Consumer Cyclical,1.82
BOSCHLTD,36770.0,41182.4,7,67.87,39.36,108479.26,Consumer Cyclical,5.47
BPCL,297.35,333.03,3,43.35,5.16,129005.47,Energy,1.09
BPL,47.56,53.27,6,48.55,0.0,232.93,Technology,0.97
BRIGADE,701.05,785.18,6,53.02,22.92,17147.23,Real Estate,0.4
BRIGHOTEL,62.53,70.03,8,59.77,49.24,2375.16,Consumer Cyclical,0.44
BRITANNIA,5475.0,6132.0,0,38.54,54.67,131875.39,Consumer Defensive,1.47
BRNL,20.36,22.8,8,58.66,6.19,170.92,Industrials,0.48
BROOKS,71.57,80.16,8,62.58,9.74,211.11,Healthcare,0.42
BSE,3257.4,3648.29,7,66.44,61.66,132292.49,Financial Services,1.54
BSHSL,97.02,108.66,8,57.53,36.2,1018.1,Basic Materials,0.46
BSL,113.46,127.08,2,43.19,31.96,116.77,Consumer Cyclical,1.6
BSOFT,373.35,418.15,6,52.69,22.44,10434.62,Technology,0.55
BTML,6.6,7.39,6,50.11,132.0,119.92,Communication Services,0.51
BUILDPRO,1109.95,1243.14,5,65.04,0.0,2691.55,Consumer Cyclical,0.74
BUTTERFLY,619.9,694.29,5,50.89,25.66,1108.35,Consumer Cyclical,0.11
BVCL,42.5,47.6,8,58.38,4250.0,94.51,Basic Materials,1.06
BYKE,38.08,42.65,6,53.02,34.62,199.08,Consumer Cyclical,0.19
CALSOFT,11.62,13.01,0,40.65,64.56,71.84,Technology,0.62
CAMLINFINE,104.07,116.56,2,34.44,0.0,1999.1,Basic Materials,1.99
CAMPUS,237.59,266.1,6,50.32,51.65,7260.59,Consumer Cyclical,0.6
CAMS,699.05,782.94,8,59.66,37.42,17335.36,Technology,0.99
CANBK,137.91,154.46,6,50.98,6.19,125093.36,Financial Services,0.91
CANFINHOME,841.3,942.26,6,50.91,11.5,11221.58,Financial Services,0.93
CANHLIFE,146.05,163.58,8,52.51,112.35,13863.51,Financial Services,1.79
CANTABIL,229.31,256.83,0,39.1,21.53,1924.84,Consumer Cyclical,1.16
CAPACITE,225.28,252.31,6,52.51,9.45,1914.58,Industrials,0.15
CAPILLARY,544.85,610.23,10,59.86,195.29,4321.3,Technology,2.02
CAPITALSFB,260.77,292.06,8,62.29,8.74,1184.39,Financial Services,0.28
CAPLIPOINT,1662.0,1861.44,6,54.35,20.64,12654.45,Healthcare,0.83
CAPTRUST,13.16,14.74,8,62.12,0.0,44.58,Financial Services,0.8
CARBORUNIV,855.25,957.88,8,61.86,66.25,16292.95,Industrials,0.54
CARERATING,1560.5,1747.76,6,51.16,29.14,4688.84,Financial Services,1.07
CARRARO,480.6,538.27,6,51.73,24.24,2732.28,Consumer Cyclical,0.54
CARTRADE,1816.2,2034.14,6,50.93,45.55,8698.25,Consumer Cyclical,0.65
CARYSIL,830.0,929.6,6,51.42,26.35,2361.52,Consumer Cyclical,0.82
CASTROLIND,179.42,200.95,6,50.74,18.67,17746.83,Energy,0.8
CCCL,16.2,18.14,8,56.74,5.09,723.75,Industrials,0.56
CCHHL,12.97,14.53,8,59.12,25.43,212.01,Consumer Cyclical,0.84
CCL,1075.9,1205.01,10,52.38,38.17,14355.47,Consumer Defensive,1.57
CDSL,1279.3,1432.82,8,56.5,56.13,26737.37,Financial Services,1.22
CEATLTD,3544.0,3969.28,6,51.74,25.86,14297.03,Consumer Cyclical,0.79
CEIGALL,290.25,325.08,8,61.02,19.44,5058.74,Industrials,0.76
CELEBRITY,7.42,8.31,6,52.44,0.0,47.89,Consumer Cyclical,0.32
CELLO,414.8,464.58,6,49.54,29.67,9164.85,Consumer Cyclical,1.03
CEMPRO,604.3,676.82,8,59.89,22.14,10381.12,Industrials,1.21
CENTENKA,421.15,471.69,6,54.63,13.49,922.85,Consumer Cyclical,0.78
CENTEXT,20.39,22.84,8,56.19,15.33,166.14,Basic Materials,0.64
CENTRALBK,35.02,39.22,6,50.26,6.44,31714.96,Financial Services,0.6
CENTRUM,28.39,31.8,8,57.79,0.0,1467.23,Financial Services,0.17
CENTUM,2744.8,3074.18,5,50.9,0.0,4055.68,Technology,0.88
CENTURYPLY,735.95,824.26,8,58.22,68.91,16350.82,Basic Materials,0.36
CERA,5033.7,5637.74,8,60.06,30.56,6489.85,Industrials,0.42
CEREBRAINT,4.92,5.51,8,61.47,0.0,61.13,Industrials,0.28
CESC,156.61,175.4,8,55.63,14.08,20759.76,Utilities,0.48
CEWATER,312.25,349.72,6,57.34,11.33,646.24,Utilities,0.22
CGCL,177.91,199.26,8,57.41,19.11,17117.68,Financial Services,0.19
CGPOWER,720.6,807.07,8,58.12,100.22,113488.82,Industrials,0.88
CHALET,754.4,844.93,6,49.6,27.27,16520.92,Consumer Cyclical,0.29
CHAMBLFERT,455.15,509.77,8,56.64,9.52,18235.69,Basic Materials,1.19
CHEMBOND,147.27,164.94,8,59.98,15.52,198.05,Basic Materials,1.05
CHEMBONDCH,154.06,172.55,8,61.73,12.92,414.37,Basic Materials,1.09
CHEMCON,148.54,166.36,6,48.44,25.7,544.11,Basic Materials,0.43
CHEMFAB,367.65,411.77,8,52.76,0.0,528.45,Basic Materials,1.72
CHEMPLASTS,242.05,271.1,0,41.04,0.0,3838.76,Basic Materials,0.71
CHENNPETRO,983.35,1101.35,8,51.97,6.81,14643.2,Energy,0.42
CHEVIOT,1047.5,1173.2,8,61.7,8.74,612.62,Consumer Cyclical,0.48
CHOICEIN,686.15,768.49,6,54.72,63.36,15301.34,Financial Services,1.02
CHOLAFIN,1533.1,1717.07,6,52.46,26.66,130625.82,Financial Services,0.93
CHOLAHLDNG,1581.2,1770.94,6,56.07,12.54,29730.68,Financial Services,1.38
CIEINDIA,479.6,537.15,10,58.53,22.13,18222.08,Consumer Cyclical,1.53
CIFL,25.49,28.55,6,47.6,24.51,996.8,Financial Services,0.84
CIGNITITEC,1249.3,1399.22,6,59.63,11.42,3441.44,Technology,0.45
CINELINE,85.71,96.0,8,53.19,0.0,298.28,Communication Services,0.25
CIPLA,1224.4,1371.33,0,38.86,21.75,98904.91,Healthcare,1.43
CLCIND,22.51,25.21,3,40.07,0.0,0.23,Consumer Cyclical,0.14
CLEAN,716.85,802.87,6,49.86,30.99,7621.25,Basic Materials,0.83
CLEDUCATE,49.6,55.55,6,50.77,0.0,269.29,Consumer Defensive,0.39
CLSEL,261.87,293.29,8,58.35,12.87,1305.37,Consumer Defensive,0.57
CMSINFO,292.0,327.04,6,51.34,15.08,4807.42,Industrials,0.78
CNL,599.15,671.05,6,47.44,15.6,899.72,Technology,0.52
COALINDIA,454.1,508.59,5,53.8,9.38,279849.49,Energy,0.67
COASTCORP,49.5,55.44,8,60.88,21.34,331.97,Consumer Defensive,1.02
COCHINSHIP,1423.9,1594.77,8,54.45,51.59,37470.48,Industrials,2.13
COFFEEDAY,25.38,28.43,6,49.78,14.18,536.16,Consumer Cyclical,0.77
COFORGE,1264.9,1416.69,6,58.76,37.86,42476.73,Technology,1.19
COHANCE,316.85,354.87,8,54.28,62.87,12133.22,Healthcare,1.69
COLPAL,1906.7,2135.5,0,43.96,39.06,51859.5,Consumer Defensive,1.19
COMPINFO,1.14,1.28,6,51.3,0.0,9.95,Technology,0.61
COMPUSOFT,13.69,15.33,6,53.66,40.26,108.32,Consumer Defensive,0.15
COMSYN,153.3,171.7,0,38.87,22.64,612.51,Consumer Cyclical,0.2
CONCOR,482.25,540.12,8,58.47,28.76,36729.03,Industrials,0.98
CONCORDBIO,1054.7,1181.26,0,40.59,35.5,11033.87,Healthcare,1.17
CONFIPET,54.84,61.42,7,70.29,21.59,1824.5,Energy,1.6
CONSOFINVT,216.61,242.6,3,50.98,11.07,700.22,Financial Services,0.07
CONTROLPR,663.3,742.9,10,60.07,10.71,1064.34,Industrials,2.5
CORALFINAC,31.79,35.6,6,52.81,8.88,128.41,Real Estate,0.36
CORDSCABLE,158.24,177.23,6,54.38,12.17,204.57,Industrials,1.17
COROMANDEL,2146.3,2403.86,8,58.34,26.42,63255.4,Basic Materials,0.89
CORONA,1561.9,1749.33,5,50.46,55.82,0.0,Healthcare,1.03
COSMOFIRST,643.65,720.89,6,51.64,11.5,1666.93,Consumer Cyclical,0.87
COUNCODOS,4.99,5.59,10,61.8,71.29,38.72,Real Estate,1.86
CPCAP,84.0,94.08,3,45.12,3.64,152.87,Financial Services,0.97
CPEDU,182.27,204.14,6,53.2,15.58,331.6,Consumer Defensive,1.35
CPPLUS,1903.8,2132.26,5,70.32,87.89,22426.4,Industrials,0.67
CRAFTSMAN,7408.5,8297.52,6,56.89,52.76,17673.41,Consumer Cyclical,0.46
CRAMC,254.78,285.35,8,58.12,24.86,5080.76,Financial Services,1.02
CREATIVEYE,6.67,7.47,8,54.25,0.0,13.38,Communication Services,0.84
CREDITACC,1235.6,1383.87,6,56.33,40.82,19783.37,Financial Services,0.34
CREST,338.4,379.01,6,52.45,20.19,956.55,Financial Services,0.3
CRISIL,3922.3,4392.98,0,43.73,37.43,28707.68,Financial Services,1.01
CRIZAC,211.03,236.35,6,52.5,19.25,3692.66,Consumer Defensive,0.42
CROMPTON,237.9,266.45,5,46.73,33.23,15549.09,Consumer Cyclical,2.03
CROWN,122.95,137.7,8,53.44,15.01,137.99,Industrials,0.24
CSBBANK,395.55,443.02,8,56.17,11.03,6701.64,Financial Services,0.36
CSLFINANCE,241.72,270.73,6,47.77,6.48,543.57,Financial Services,0.38
CTE,29.07,32.56,6,58.42,0.0,55.96,Technology,0.28
CUB,252.47,282.77,6,49.53,14.99,18759.71,Financial Services,0.77
CUBEXTUB,88.74,99.39,6,47.48,15.14,127.07,Basic Materials,0.71
CUMMINSIND,4907.4,5496.29,8,60.35,60.54,136033.13,Industrials,1.04
CUPID,92.52,103.62,8,63.95,149.23,12440.8,Consumer Defensive,0.85
CURAA,110.0,123.2,5,54.25,0.0,111.09,Technology,0.17
CYBERMEDIA,14.71,16.48,8,57.79,34.21,30.64,Communication Services,0.71
CYBERTECH,126.81,142.03,8,62.11,12.0,394.77,Technology,0.98
CYIENT,890.2,997.02,6,54.57,18.17,9829.11,Industrials,1.24
CYIENTDLM,310.25,347.48,6,53.01,30.12,2471.72,Technology,0.23
DABUR,429.4,480.93,0,40.45,41.37,76162.25,Consumer Defensive,0.9
DALBHARAT,1910.6,2139.87,6,51.64,30.21,35867.46,Basic Materials,0.35
DALMIASUG,365.95,409.86,8,61.6,8.41,2961.97,Consumer Defensive,0.09
DAMCAPITAL,141.29,158.24,6,52.09,12.34,998.72,Financial Services,0.82
DAMODARIND,23.73,26.58,6,52.1,6.13,55.53,Consumer Cyclical,0.25
DANGEE,3.14,3.52,8,56.99,0.0,48.35,Consumer Cyclical,0.34
DATAMATICS,700.0,784.0,6,48.96,21.24,4137.45,Technology,0.98
DATAPATTNS,3369.4,3773.73,8,60.08,76.08,18863.24,Industrials,1.14
DAVANGERE,3.72,4.17,0,40.58,74.4,531.96,Consumer Defensive,1.21
DBCORP,212.15,237.61,6,52.68,11.73,3781.49,Communication Services,0.45
DBEIL,65.93,73.84,0,44.83,8.7,307.11,Industrials,0.31
DBL,430.7,482.38,6,53.94,4.51,6996.5,Industrials,0.68
DBOL,118.52,132.74,5,66.88,33.29,779.9,Consumer Defensive,0.32
DBREALTY,98.45,110.26,6,49.26,50.75,5339.99,Real Estate,0.69
DBSTOCKBRO,26.19,29.33,8,56.89,21.82,91.67,Financial Services,0.32
DCAL,158.44,177.45,6,48.13,20.9,2487.18,Healthcare,0.52
DCBBANK,182.49,204.39,8,55.69,8.26,5876.02,Financial Services,0.58
DCI,365.9,409.81,5,70.9,30.54,600.08,Technology,0.13
DCM,65.01,72.81,6,48.56,22.81,121.42,Industrials,0.89
DCMFINSERV,5.56,6.23,5,51.25,0.0,12.3,Financial Services,0.82
DCMNVL,113.28,126.87,6,48.72,28.75,226.62,Consumer Cyclical,0.15
DCMSHRIRAM,1108.8,1241.86,8,53.23,26.1,17192.01,Industrials,0.5
DCMSRIND,37.4,41.89,8,53.1,2.79,330.72,Consumer Defensive,0.36
DCW,42.87,48.01,6,50.29,30.4,1495.71,Basic Materials,0.79
DCXINDIA,173.84,194.7,8,51.71,147.32,1936.64,Industrials,0.24
DDEVPLSTIK,220.59,247.06,0,42.26,11.48,2282.59,Basic Materials,0.93
DECCANCE,649.9,727.89,6,52.01,28.64,911.27,Basic Materials,0.57
DEEDEV,312.3,349.78,8,60.86,26.27,2163.09,Industrials,0.62
DEEPAKFERT,1058.25,1185.24,8,59.96,15.26,13372.61,Basic Materials,0.57
DEEPAKNTR,1423.0,1593.76,6,48.77,36.38,19408.73,Basic Materials,0.36
DEEPINDS,441.2,494.14,8,60.43,0.0,2823.68,Energy,0.33
DELHIVERY,469.85,526.23,7,67.65,232.6,35173.35,Industrials,1.72
DELPHIFX,10.65,11.93,6,50.23,59.17,3941.61,Financial Services,0.24
DELTACORP,58.2,65.18,6,53.05,6.26,1558.87,Consumer Cyclical,0.46
DELTAMAGNT,56.39,63.16,6,52.85,0.0,62.4,Consumer Cyclical,0.38
DEN,27.28,30.55,6,56.86,6.85,1300.62,Communication Services,1.37
DENORA,723.6,810.43,8,57.62,29.47,384.13,Industrials,0.23
DENTA,258.23,289.22,8,55.96,10.53,689.47,Industrials,0.38
DEVIT,29.33,32.85,8,59.04,2.46,165.31,Technology,0.99
DEVX,36.26,40.61,6,48.1,213.29,327.02,Real Estate,0.25
DEVYANI,104.63,117.19,3,44.67,0.0,12900.25,Consumer Cyclical,0.78
DGCONTENT,28.9,32.37,8,64.36,27.52,167.68,Communication Services,0.15
DHAMPURSUG,136.58,152.97,8,59.24,13.01,878.3,Consumer Defensive,0.6
DHANBANK,25.35,28.39,8,64.54,10.43,1003.39,Financial Services,1.27
DHANUKA,1009.7,1130.86,6,53.1,6.45,4551.56,Basic Materials,0.88
DHARAN,0.17,0.19,8,63.54,8.5,93.57,Real Estate,0.14
DHARMAJ,268.22,300.41,7,68.76,18.8,906.51,Basic Materials,1.63
DHRUV,34.43,38.56,8,60.56,0.0,65.3,Industrials,1.25
DHUNINV,776.65,869.85,0,42.82,0.0,473.54,Financial Services,0.25
DIACABS,132.82,148.76,8,54.03,66.74,6999.23,Industrials,0.5
DIAMINESQ,241.83,270.85,8,58.16,0.0,243.12,Basic Materials,0.66
DIAMONDYD,1007.8,1128.74,6,55.68,0.0,2409.0,Consumer Defensive,0.16
DICIND,515.1,576.91,6,52.02,27.21,472.81,Basic Materials,1.28
DIFFNKG,279.07,312.56,8,57.52,22.04,1036.08,Industrials,0.29
DIGIDRIVE,20.8,23.3,6,55.13,6.44,80.82,Consumer Cyclical,0.57
DIGISPICE,17.14,19.2,6,47.89,63.48,357.2,Financial Services,0.64
DIGITIDE,88.63,99.27,6,53.68,0.0,1321.66,Industrials,0.35
DIGJAMLMTD,45.51,50.97,8,62.83,56.89,91.2,Consumer Cyclical,0.09
DISHTV,2.99,3.35,8,61.99,0.0,551.92,Communication Services,0.47
DIVGIITTS,677.45,758.74,6,50.71,56.22,2071.84,Consumer Cyclical,0.69
DIVISLAB,5952.5,6666.8,0,42.94,63.65,158020.17,Healthcare,0.79
DIXON,10625.5,11900.56,6,53.25,38.72,64508.01,Technology,0.81
DJML,82.46,92.36,6,48.05,34.22,284.11,Industrials,0.1
DLF,562.95,630.5,6,51.84,31.5,139347.68,Real Estate,0.74
DLINKINDIA,416.15,466.09,8,56.81,14.21,1478.41,Technology,0.98
DMART,4415.6,4945.47,5,67.38,101.07,288299.5,Consumer Defensive,0.63
DMCC,214.2,239.9,3,48.64,20.44,535.16,Basic Materials,0.31
DNAMEDIA,3.15,3.53,6,51.2,31.5,37.08,Communication Services,1.45
DODLA,1033.7,1157.74,6,47.54,31.86,6236.09,Consumer Defensive,0.64
DOLATALGO,79.09,88.58,10,64.01,11.43,1393.06,Financial Services,3.5
DOLLAR,246.05,275.58,0,43.58,13.39,1395.5,Consumer Cyclical,0.94
DOLPHIN,401.5,449.68,6,48.94,31.74,1606.18,Energy,0.26
DOMS,2396.5,2684.08,8,58.9,65.51,14547.01,Industrials,0.09
DONEAR,89.83,100.61,8,54.96,13.84,470.18,Consumer Cyclical,0.41
DPABHUSHAN,1126.6,1261.79,8,58.78,13.79,2571.79,Consumer Cyclical,1.84
DPSCLTD,8.95,10.02,8,57.77,298.33,871.54,Utilities,0.98
DPWIRES,152.86,171.2,6,55.12,19.37,236.94,Industrials,1.03
DRCSYSTEMS,16.09,18.02,8,63.65,12.19,231.83,Technology,0.39
DREAMFOLKS,74.9,83.89,6,51.95,10.07,398.99,Industrials,0.94
DREDGECORP,879.25,984.76,6,48.68,0.0,2461.9,Industrials,0.6
DRREDDY,1211.9,1357.33,0,40.8,17.85,100902.17,Healthcare,1.34
DSSL,986.15,1104.49,10,61.32,14.94,1258.47,Technology,1.9
DTIL,130.54,146.2,6,52.89,0.0,137.41,Consumer Defensive,0.48
DUCON,3.62,4.05,8,63.05,9.28,119.95,Industrials,1.0
DVL,225.6,252.67,6,53.84,0.0,791.96,Financial Services,0.38
DWARKESH,44.64,50.0,8,61.41,41.72,827.19,Consumer Defensive,0.42
DYCL,293.84,329.1,10,58.53,16.95,1423.91,Industrials,2.24
DYNAMATECH,10017.0,11219.04,8,56.7,190.51,6804.99,Consumer Cyclical,0.99
DYNPRO,221.82,248.44,6,51.48,15.41,275.69,Basic Materials,0.19
E2E,2423.6,2714.43,8,56.01,0.0,4841.52,Technology,0.84
EASEMYTRIP,7.96,8.92,10,62.34,0.0,2894.94,Consumer Cyclical,1.62
EASTSILK,62.7,70.22,0,43.13,1045.0,31.35,Consumer Cyclical,0.49
EBGNG,371.85,416.47,5,52.81,40.64,4239.52,Technology,0.92
ECLERX,1495.9,1675.41,3,44.29,21.47,13940.31,Technology,1.04
ECOSMOBLTY,127.05,142.3,6,47.45,12.72,762.3,Industrials,0.59
EDELWEISS,114.78,128.55,8,59.13,15.43,10872.67,Financial Services,0.99
EFCIL,198.37,222.17,3,43.6,12.41,2723.29,Real Estate,0.51
EICHERMOT,7147.5,8005.2,6,52.3,36.71,196066.08,Consumer Cyclical,0.89
EIDPARRY,830.7,930.38,6,51.42,12.44,14785.88,Basic Materials,1.09
EIEL,171.01,191.53,8,60.73,14.32,3001.74,Industrials,0.28
EIFFL,238.76,267.41,8,56.52,105.65,592.12,Consumer Defensive,0.21
EIHAHOTELS,308.2,345.18,6,51.12,19.59,1878.06,Consumer Cyclical,0.61
EIHOTEL,308.0,344.96,6,50.35,29.93,19261.22,Consumer Cyclical,0.15
EIMCOELECO,1736.6,1944.99,10,64.19,21.22,1001.74,Industrials,2.56
EKC,109.79,122.96,6,54.2,10.77,1233.62,Industrials,0.62
ELDEHSG,816.7,914.7,6,49.12,35.39,808.73,Real Estate,0.68
ELECON,425.85,476.95,8,60.42,19.83,9556.07,Industrials,1.18
ELECTCAST,84.09,94.18,8,61.35,16.55,5203.31,Industrials,0.95
ELECTHERM,674.0,754.88,6,56.13,5.5,858.87,Basic Materials,0.39
ELGIEQUIP,499.6,559.55,8,55.27,39.12,15776.94,Industrials,1.39
ELGIRUBCO,41.28,46.23,8,54.91,0.0,206.61,Consumer Cyclical,0.32
ELIN,116.17,130.11,6,48.82,13.85,577.66,Industrials,0.89
ELLEN,226.98,254.22,6,54.84,0.0,3198.96,Basic Materials,0.71
EMAMILTD,418.95,469.22,6,46.14,23.03,18288.9,Consumer Defensive,0.35
EMAMIPAP,69.3,77.62,6,47.24,14.5,419.26,Basic Materials,0.44
EMAMIREAL,67.87,76.01,8,61.05,0.0,297.5,Real Estate,1.0
EMBDL,52.85,59.19,6,55.23,0.0,7349.86,Real Estate,0.15
EMCURE,1604.9,1797.49,8,59.3,34.99,30427.23,Healthcare,0.74
EMIL,100.54,112.6,8,59.13,41.37,3868.26,Consumer Cyclical,0.66
EMKAY,216.26,242.21,6,50.02,31.71,566.36,Financial Services,0.89
EMMBI,83.38,93.39,6,57.1,22.0,160.43,Consumer Cyclical,0.48
EMMVEE,224.71,251.68,8,55.54,17.37,15557.69,Technology,0.59
EMSLIMITED,303.9,340.37,6,53.36,12.87,1687.58,Industrials,0.66
EMUDHRA,476.15,533.29,8,63.77,38.4,3904.19,Technology,0.42
ENDURANCE,2379.6,2665.15,6,52.26,36.41,33472.13,Consumer Cyclical,0.95
ENERGYDEV,15.98,17.9,8,57.97,0.0,77.19,Utilities,1.74
ENGINERSIN,208.59,233.62,10,57.8,15.1,11732.96,Industrials,1.6
ENIL,106.61,119.4,6,51.18,0.0,508.21,Communication Services,1.01
ENRIN,2767.7,3099.82,8,53.17,83.29,98590.43,Utilities,1.4
ENTERO,1180.9,1322.61,8,56.41,45.61,5138.21,Healthcare,0.34
EPACK,240.64,269.52,8,53.62,56.49,2315.64,Consumer Cyclical,0.53
EPACKPEB,176.91,198.14,8,59.88,21.57,1778.07,Industrials,1.25
EPIGRAL,1023.25,1146.04,5,66.91,13.07,4414.44,Basic Materials,1.24
EPL,229.64,257.2,5,66.34,18.39,7354.17,Consumer Cyclical,0.66
EQUIPPP,14.91,16.7,0,37.76,213.0,153.71,Technology,0.02
EQUITASBNK,59.37,66.49,6,53.01,0.0,6778.27,Financial Services,0.46
ERIS,1364.1,1527.79,8,55.55,43.18,18898.63,Healthcare,0.48
ESABINDIA,5416.4,6066.37,6,54.45,39.55,8337.48,Industrials,0.79
ESAFSFB,23.23,26.02,6,45.36,0.0,1197.88,Financial Services,1.29
ESCORTS,3127.2,3502.46,6,51.67,26.14,34407.02,Industrials,1.0
ESSARSHPNG,24.88,27.87,8,53.35,0.0,517.22,Industrials,1.69
ESSENTIA,1.32,1.48,6,55.05,44.0,140.94,Consumer Defensive,0.81
ESTER,88.64,99.28,8,49.76,0.0,865.0,Basic Materials,1.57
ETERNAL,237.89,266.44,6,48.74,991.21,218713.49,Consumer Cyclical,0.68
ETHOSLTD,2431.7,2723.5,8,60.73,125.93,6506.67,Consumer Cyclical,0.25
EUREKAFORB,474.7,531.66,6,54.26,57.54,9185.06,Consumer Cyclical,0.3
EUROBOND,161.93,181.36,6,55.61,16.34,396.73,Industrials,0.3
EUROPRATIK,232.36,260.24,6,51.05,33.48,2374.72,Basic Materials,0.53
EUROTEXIND,13.53,15.15,8,53.8,6.6,15.91,Real Estate,1.26
EVEREADY,288.2,322.78,3,45.12,52.21,2100.58,Industrials,0.56
EVERESTIND,332.25,372.12,3,45.64,0.0,526.81,Industrials,0.48
EXCELINDUS,915.35,1025.19,8,54.57,15.17,1151.71,Basic Materials,0.36
EXCELSOFT,84.39,94.52,8,58.55,20.58,971.2,Technology,0.84
EXICOM,98.21,110.0,10,61.68,0.0,1367.18,Industrials,1.77
EXIDEIND,311.25,348.6,8,51.42,32.05,26463.55,Consumer Cyclical,2.04
EXPLEOSOL,758.45,849.46,6,52.48,11.06,1177.09,Technology,0.67
EXXARO,7.13,7.99,8,55.47,50.93,319.0,Industrials,0.46
FABTECH,151.75,169.96,8,52.96,21.49,674.54,Healthcare,0.15
FACT,860.95,964.26,8,61.6,2099.88,55709.66,Basic Materials,1.36
FAIRCHEMOR,510.45,571.7,6,46.82,268.66,661.47,Basic Materials,0.59
FAZE3Q,458.4,513.41,8,55.35,35.51,1124.73,Consumer Cyclical,1.54
FCL,22.89,25.64,8,55.74,26.01,2669.98,Basic Materials,1.08
FCSSOFT,1.77,1.98,5,67.39,0.0,302.59,Technology,1.3
FDC,340.6,381.47,3,45.99,25.57,5545.31,Healthcare,0.4
FEDERALBNK,283.3,317.3,8,57.08,17.17,69795.86,Financial Services,0.44
FEDFINA,139.51,156.25,8,56.2,16.67,5220.84,Financial Services,0.74
FEL,0.42,0.47,6,58.09,0.0,36.93,Consumer Cyclical,0.35
FELDVR,2.8,3.14,6,53.73,0.0,138.41,Consumer Cyclical,0.47
FIBERWEB,37.3,41.78,6,53.28,6.49,107.39,Consumer Cyclical,0.67
FIEMIND,2158.2,2417.18,8,56.04,23.33,5680.31,Consumer Cyclical,0.66
FILATEX,44.03,49.31,8,56.72,10.64,1955.19,Consumer Cyclical,0.57
FINCABLES,843.45,944.66,8,51.69,18.94,12899.67,Industrials,0.79
FINEORG,4586.0,5136.32,8,60.62,35.45,14060.67,Basic Materials,0.65
FINKURVE,63.19,70.77,6,50.69,39.49,886.76,Financial Services,0.43
FINOPB,133.54,149.56,0,39.33,16.05,1111.72,Financial Services,0.35
FINPIPE,162.01,181.45,0,41.35,19.98,10017.3,Industrials,0.86
FIRSTCRY,242.84,271.98,8,56.8,0.0,11781.87,Consumer Cyclical,0.27
FISCHER,41.04,45.96,8,60.65,69.56,2679.41,Healthcare,0.5
FIVESTAR,423.3,474.1,8,61.54,11.25,12501.3,Financial Services,0.76
FLAIR,304.95,341.54,6,52.89,23.81,3214.03,Industrials,0.63
FLEXITUFF,6.19,6.93,0,29.45,0.0,20.62,Consumer Cyclical,0.86
FLFL,1.31,1.47,10,56.64,0.0,26.78,Consumer Cyclical,1.88
FLUOROCHEM,3309.6,3706.75,8,54.56,55.4,36355.96,Basic Materials,0.49
FMGOETZE,438.4,491.01,8,60.42,13.49,2438.91,Consumer Cyclical,0.25
FMNL,8.14,9.12,8,53.35,0.0,51.81,Real Estate,0.23
FOCUS,66.09,74.02,6,52.09,93.08,443.7,Consumer Cyclical,0.55
FOODSIN,59.92,67.11,8,57.67,14.07,441.16,Consumer Defensive,0.85
FORCEMOT,22168.0,24828.16,8,53.6,21.37,29209.14,Consumer Cyclical,1.49
FORTIS,850.05,952.06,6,52.0,66.99,64175.22,Healthcare,0.82
FOSECOIND,4646.8,5204.42,0,43.15,42.08,3519.79,Basic Materials,0.53
FSL,219.04,245.32,6,45.83,24.56,15139.93,Technology,0.88
FUSION,155.66,174.34,6,46.49,0.0,2517.28,Financial Services,0.73
GABRIEL,907.2,1016.06,6,52.97,0.0,13031.38,Consumer Cyclical,0.59
GAEL,152.79,171.12,7,68.34,34.88,7008.03,Consumer Defensive,2.82
GAIL,152.22,170.49,6,55.12,11.66,100085.86,Utilities,0.62
GALAPREC,724.9,811.89,3,45.83,28.14,927.69,Industrials,0.35
GALAXYSURF,1810.4,2027.65,6,56.33,22.84,6418.73,Basic Materials,0.57
GALLANTT,665.5,745.36,7,74.21,33.61,16057.25,Basic Materials,2.12
GANDHAR,134.8,150.98,6,53.98,12.39,1319.42,Energy,0.75
GANDHITUBE,836.65,937.05,8,55.35,14.33,1020.41,Industrials,0.55
GANECOS,1052.15,1178.41,5,67.54,70.76,2817.77,Consumer Cyclical,0.51
GANESHBE,82.68,92.6,8,57.53,13.27,595.21,Basic Materials,0.55
GANESHCP,195.58,219.05,8,60.47,13.94,790.4,Consumer Defensive,0.89
GANESHHOU,584.45,654.58,6,46.08,11.61,4873.56,Real Estate,0.6
GANGAFORGE,2.69,3.01,3,45.02,0.0,36.26,Industrials,0.52
GANGESSECU,121.96,136.6,8,58.15,72.6,126.38,Consumer Defensive,0.2
GARFIBRES,602.4,674.69,0,43.54,28.16,5979.77,Consumer Cyclical,0.45
GARUDA,163.07,182.64,6,51.73,14.22,1517.23,Industrials,0.68
GATECH,0.49,0.55,8,57.18,6.13,63.64,Financial Services,1.5
GATECHDVR,0.45,0.5,8,57.87,5.62,63.12,Financial Services,0.78
GATEWAY,56.64,63.44,8,55.55,1888.0,2840.46,Industrials,0.62
GAYAHWS,2.24,2.51,6,52.25,44.8,53.68,Industrials,0.92
GCSL,340.0,380.8,3,48.08,0.0,816.88,Financial Services,0.0
GEECEE,299.47,335.41,8,62.99,27.96,627.53,Real Estate,0.65
GEEKAYWIRE,24.55,27.5,10,60.35,8.35,256.6,Industrials,1.54
GEMAROMA,164.29,184.0,6,48.77,30.59,858.2,Basic Materials,0.47
GENCON,43.9,49.17,6,48.7,25.67,251.72,Industrials,1.46
GENESYS,234.35,262.47,0,39.05,24.34,979.36,Technology,0.51
GENSOL,21.11,23.64,3,44.31,0.93,81.19,Technology,0.89
GENUSPAPER,11.84,13.26,8,55.51,32.0,304.44,Basic Materials,0.5
GENUSPOWER,257.09,287.94,8,56.48,13.19,7257.06,Industrials,0.73
GEOJITFSL,62.31,69.79,6,55.19,18.6,1739.21,Financial Services,0.67
GESHIP,1391.2,1558.14,5,49.78,8.8,19861.77,Industrials,0.78
GFLLIMITED,44.55,49.9,6,54.9,405.0,490.46,Financial Services,1.23
GHCL,466.8,522.82,6,52.8,8.78,4291.49,Basic Materials,0.61
GHCLTEXTIL,82.78,92.71,7,65.16,13.89,791.26,Consumer Cyclical,2.92
GICHSGFIN,145.84,163.34,6,50.53,5.76,788.22,Financial Services,0.58
GICL,40.71,45.6,3,46.78,140.38,455.77,Industrials,0.84
GICRE,389.05,435.74,8,60.41,6.98,68254.93,Financial Services,0.65
GILLANDERS,89.62,100.37,8,58.6,12.43,191.27,Consumer Defensive,0.61
GILLETTE,7609.0,8522.08,0,41.82,46.49,24794.09,Consumer Defensive,1.09
GINNIFILA,40.8,45.7,8,61.27,11.46,349.45,Consumer Cyclical,0.91
GIPCL,136.14,152.48,6,53.38,14.38,2113.11,Utilities,0.44
GKENERGY,107.83,120.77,10,55.55,11.52,2186.98,Utilities,1.79
GKSL,108.7,121.74,8,56.29,50.32,857.03,Healthcare,0.3
GKWLIMITED,1558.0,1744.96,8,48.47,130.05,929.58,Industrials,2.08
GLAND,1749.1,1958.99,6,56.72,34.07,28817.55,Healthcare,0.36
GLAXO,2359.7,2642.86,3,45.63,39.15,39974.74,Healthcare,0.42
GLENMARK,2169.1,2429.39,8,55.06,57.35,61233.23,Healthcare,0.83
GLFL,4.3,4.82,6,46.3,215.0,16.43,Financial Services,0.08
GLOBAL,98.42,110.23,5,51.21,22.22,500.97,Consumer Defensive,0.85
GLOBALE,10.7,11.98,6,49.79,0.0,11.42,Consumer Cyclical,1.06
GLOBALVECT,172.46,193.16,8,56.72,0.0,241.44,Industrials,0.58
GLOBE,2.47,2.77,6,52.27,15.44,111.25,Consumer Cyclical,0.62
GLOBECIVIL,42.5,47.6,6,47.55,16.47,253.81,Industrials,0.38
GLOBUSSPR,934.3,1046.42,8,57.74,35.47,2706.87,Consumer Defensive,0.89
GLOSTERLTD,578.7,648.14,8,62.43,83.39,633.29,Consumer Cyclical,0.18
GLOTTIS,48.06,53.83,8,60.67,11.58,444.09,Industrials,0.7
GMBREW,998.35,1118.15,5,47.21,13.96,2280.92,Consumer Defensive,8.17
GMDCLTD,604.35,676.87,8,61.3,19.44,19218.33,Energy,0.6
GMMPFAUDLR,890.1,996.91,6,51.91,228.82,4004.0,Industrials,0.22
GMRAIRPORT,94.53,105.87,6,53.75,0.0,99814.0,Industrials,0.75
GMRP&UI,102.16,114.42,6,49.16,8.67,7978.88,Energy,0.62
GNA,409.65,458.81,8,55.68,15.77,1758.66,Consumer Cyclical,1.37
GNFC,428.5,479.92,6,54.58,10.1,6296.41,Basic Materials,1.42
GOACARBON,326.1,365.23,6,52.02,0.0,298.42,Basic Materials,0.88
GOCLCORP,274.2,307.1,8,57.15,5.4,1361.62,Basic Materials,0.11
GOCOLORS,278.8,312.26,6,47.6,21.19,1506.57,Consumer Cyclical,0.38
GODAVARIB,308.3,345.3,8,53.53,44.94,1577.76,Basic Materials,0.39
GODFRYPHLP,2034.8,2278.98,6,51.87,24.45,31739.17,Consumer Defensive,1.04
GODIGIT,318.75,357.0,0,41.1,57.85,29461.65,Financial Services,0.28
GODREJAGRO,586.9,657.33,8,52.51,25.71,11297.67,Consumer Defensive,0.42
GODREJCP,1063.35,1190.95,6,49.88,59.57,108806.71,Consumer Defensive,0.59
GODREJIND,872.65,977.37,6,50.52,30.0,29391.27,Industrials,0.08
GODREJPROP,1695.5,1898.96,8,57.21,32.23,51069.77,Real Estate,0.69
GOKEX,653.05,731.42,6,54.31,41.86,4783.41,Consumer Cyclical,0.76
GOKUL,39.06,43.75,5,49.68,20.03,386.67,Consumer Defensive,0.17
GOKULAGRO,199.88,223.87,5,68.33,19.73,5898.19,Consumer Defensive,0.09
GOLDENTOBC,23.46,26.28,0,38.11,13.8,41.48,Consumer Defensive,0.95
GOLDIAM,333.4,373.41,8,58.1,23.88,3764.68,Consumer Cyclical,0.64
GOLDTECH,39.71,44.48,6,53.56,25.79,207.97,Technology,1.13
GOODLUCK,1071.0,1199.52,6,52.58,20.97,3559.84,Basic Materials,0.41
GOPAL,269.55,301.9,6,46.64,816.82,3359.9,Consumer Defensive,0.53
GOYALALUM,6.7,7.5,6,58.01,37.22,95.63,Basic Materials,1.01
GPIL,285.15,319.37,8,61.75,24.25,18502.38,Basic Materials,0.83
GPPL,150.0,168.0,2,44.48,14.96,7254.39,Industrials,1.67
GPTHEALTH,136.95,153.38,5,67.6,27.72,1123.74,Healthcare,0.51
GPTINFRA,109.99,123.19,6,53.47,15.47,1389.88,Industrials,0.77
GRANULES,635.5,711.76,8,60.3,28.26,15747.49,Healthcare,0.46
GRAPHITE,638.35,714.95,6,51.14,37.88,12479.57,Industrials,0.44
GRASIM,2740.5,3069.36,6,54.94,41.09,185853.25,Basic Materials,0.63
GRAVITA,1508.0,1688.96,6,55.9,28.6,10983.81,Industrials,0.84
GREAVESCOT,146.65,164.25,6,54.75,31.67,3417.34,Industrials,0.85
GREENLAM,219.63,245.99,6,47.98,332.77,5619.97,Consumer Cyclical,0.5
GREENPANEL,200.82,224.92,6,56.54,0.0,2464.11,Basic Materials,0.53
GREENPLY,212.03,237.47,8,57.11,35.16,2648.0,Basic Materials,0.52
GREENPOWER,9.81,10.99,8,54.81,15.82,1151.74,Utilities,1.06
GRINDWELL,1492.4,1671.49,6,53.33,42.53,16523.85,Industrials,0.35
GRINFRA,834.4,934.53,0,38.3,7.34,8088.25,Industrials,0.37
GRMOVER,167.95,188.1,5,68.7,52.98,3485.36,Consumer Defensive,0.98
GROBTEA,855.95,958.66,0,44.38,17.71,99.49,Consumer Defensive,0.15
GROWW,186.66,209.06,7,68.61,67.39,117102.95,Financial Services,2.67
GRPLTD,1947.4,2181.09,8,61.05,43.22,1038.61,Consumer Cyclical,0.9
GRSE,2523.6,2826.43,8,59.15,41.92,28908.34,Industrials,1.45
GRWRHITECH,3644.7,4082.06,3,46.54,27.48,8474.45,Basic Materials,0.97
GSFC,161.61,181.0,6,54.94,9.3,6439.8,Basic Materials,0.92
GSLSU,55.0,61.6,0,37.8,0.0,233.1,Basic Materials,0.34
GSPL,240.37,269.21,0,35.44,12.89,13566.38,Utilities,0.6
GSS,14.38,16.11,7,65.69,0.0,37.17,Technology,1.94
GTECJAINX,19.51,21.85,5,50.59,0.0,19.88,Consumer Defensive,1.23
GTL,7.42,8.31,10,61.77,0.0,116.71,Communication Services,2.15
GTLINFRA,1.2,1.34,8,62.96,0.0,1537.09,Technology,1.38
GTPL,65.47,73.33,6,57.32,17.74,736.3,Communication Services,0.31
GUFICBIO,300.0,336.0,8,56.38,60.0,3015.19,Healthcare,0.83
GUJALKALI,618.1,692.27,5,67.62,0.0,4541.84,Basic Materials,0.37
GUJAPOLLO,434.7,486.86,8,59.14,0.0,566.18,Industrials,1.34
GUJGASLTD,319.7,358.06,0,33.41,18.92,22007.83,Utilities,0.24
GUJRAFFIA,39.0,43.68,6,53.5,18.84,0.0,,0.35
GUJTHEM,279.19,312.69,6,50.03,63.45,3047.71,Healthcare,0.32
GULFOILLUB,894.75,1002.12,0,38.19,12.75,4420.07,Basic Materials,1.25
GULFPETRO,32.46,36.36,10,61.28,6.43,165.92,Energy,1.99
GULPOLY,172.14,192.8,7,66.46,14.04,1074.43,Basic Materials,3.74
GVKPIL,2.58,2.89,6,46.85,0.0,407.44,Utilities,0.48
GVPIL,439.65,492.41,8,54.61,23.21,2956.58,Industrials,0.87
GVPTECH,6.93,7.76,10,58.36,0.0,114.26,Technology,2.03
GVT&D,3911.3,4380.66,10,58.69,93.75,100147.48,Industrials,1.72
HAL,4032.9,4516.85,10,59.02,30.35,269710.26,Industrials,1.83
HALDER,248.5,278.32,3,47.34,3550.0,309.09,Consumer Defensive,0.01
HALEOSLABS,1268.2,1420.38,10,50.34,19.33,383.41,Healthcare,1.72
HAPPSTMNDS,379.45,424.98,3,48.14,30.82,5700.52,Technology,0.1
HAPPYFORGE,1270.6,1423.07,8,55.49,41.88,11988.17,Industrials,0.98
HARDWYN,20.73,23.22,5,78.52,86.38,1016.73,Industrials,0.69
HARIOMPIPE,274.4,307.33,0,35.04,13.53,850.42,Basic Materials,1.38
HARRMALAYA,188.25,210.84,8,60.89,13.78,347.55,Consumer Defensive,0.31
HARSHA,348.95,390.82,6,51.68,30.03,3180.59,Industrials,0.6
HATHWAY,10.7,11.98,8,59.13,18.14,1894.01,Communication Services,1.21
HATSUN,909.25,1018.36,3,47.19,57.99,20253.39,Consumer Defensive,1.32
HAVELLS,1257.0,1407.84,3,45.82,53.08,78850.82,Industrials,0.84
HAVISHA,1.65,1.85,10,61.1,0.0,50.3,Consumer Cyclical,1.61
HBLENGINE,722.55,809.26,8,58.47,25.15,20028.72,Industrials,1.31
HBSL,54.56,61.11,6,59.51,0.0,39.25,Financial Services,0.98
HCC,16.52,18.5,6,53.89,17.57,4327.36,Industrials,0.75
HCG,545.75,611.24,6,47.96,410.34,8148.17,Healthcare,0.39
HCL-INSYS,12.27,13.74,6,55.28,0.0,403.94,Technology,0.66
HCLTECH,1464.9,1640.69,8,62.4,24.16,396351.03,Technology,0.85
HDBFS,619.1,693.39,6,46.02,22.08,51286.56,Financial Services,0.93
HDFCAMC,2515.0,2816.8,6,54.02,37.66,107742.65,Financial Services,0.67
HDFCBANK,797.7,893.42,6,46.69,17.81,1227920.45,Financial Services,0.77
HDFCLIFE,591.2,662.14,0,36.53,67.64,127538.38,Financial Services,0.98
HDIL,2.05,2.3,2,41.89,0.0,97.55,Real Estate,1.78
HEADSUP,6.98,7.82,6,47.3,3.67,15.41,Consumer Cyclical,0.32
HECPROJECT,133.34,149.34,5,69.85,11.55,144.52,Industrials,1.15
HEG,559.3,626.42,8,55.94,28.29,10793.23,Industrials,0.34
HEIDELBERG,152.15,170.41,6,49.94,24.74,3455.89,Basic Materials,0.73
HEMIPROP,123.02,137.78,0,44.27,0.0,3507.6,Real Estate,0.69
HERANBA,188.74,211.39,6,52.92,0.0,755.21,Basic Materials,0.57
HERITGFOOD,323.8,362.66,6,52.25,18.34,3004.73,Consumer Defensive,0.82
HEROMOTOCO,5284.0,5918.08,6,49.59,19.44,105727.44,Consumer Cyclical,1.4
HESTERBIO,1428.5,1599.92,6,50.38,29.51,1215.21,Healthcare,0.33
HEXATRADEX,164.07,183.76,8,58.12,0.0,910.29,Financial Services,0.08
HEXT,475.4,532.45,6,53.62,21.47,28968.31,Technology,0.28
HFCL,79.61,89.16,7,66.39,221.14,12181.82,Technology,2.96
HGINFRA,520.8,583.3,6,52.47,8.65,3397.04,Industrials,0.51
HGM,54.0,60.48,6,55.41,158.82,71.19,Technology,0.31
HGS,398.4,446.21,8,63.5,0.0,1853.78,Industrials,0.4
HIKAL,174.75,195.72,6,51.41,0.0,2155.11,Healthcare,0.59
HILINFRA,50.2,56.22,6,52.79,10.24,360.28,Industrials,0.89
HILTON,20.31,22.75,6,51.11,7.87,74.47,Industrials,1.24
HIMATSEIDE,87.08,97.53,6,51.55,13.27,1094.96,Consumer Cyclical,0.62
HINDALCO,985.65,1103.93,8,64.1,13.64,220379.06,Basic Materials,1.29
HINDCOMPOS,391.85,438.87,6,51.4,22.73,578.72,Consumer Cyclical,0.58
HINDCON,24.78,27.75,7,72.46,24.78,126.85,Basic Materials,5.47
HINDCOPPER,522.3,584.98,6,52.35,76.36,50527.15,Basic Materials,0.53
HINDOILEXP,141.63,158.63,8,55.29,17.62,1872.96,Energy,1.21
HINDPETRO,358.0,400.96,6,47.39,4.95,76176.04,Energy,1.03
HINDUNILVR,2133.2,2389.18,6,46.4,49.46,501287.59,Consumer Defensive,1.17
HINDWAREAP,201.34,225.5,6,49.24,0.0,1685.24,Consumer Cyclical,0.46
HINDZINC,558.5,625.52,6,52.88,20.01,235984.07,Basic Materials,0.47
HIRECT,706.2,790.94,5,49.62,48.01,2427.04,Industrials,0.5
HISARMETAL,148.0,165.76,6,50.62,26.76,79.92,Basic Materials,0.3
HITECH,85.71,96.0,8,60.26,22.98,1738.2,Basic Materials,0.91
HITECHCORP,143.47,160.69,8,54.98,33.68,246.42,Consumer Cyclical,0.44
HITECHGEAR,589.45,660.18,6,47.65,49.2,1108.96,Consumer Cyclical,0.43
HLEGLAS,294.0,329.28,6,49.34,30.12,2044.06,Industrials,0.84
HLVLTD,7.76,8.69,6,55.7,110.86,511.59,Consumer Cyclical,0.46
HMAAGRO,21.96,24.6,2,38.16,6.48,1099.69,Consumer Defensive,5.4
HMT,64.08,71.77,8,61.68,0.0,7715.82,Industrials,0.35
HMVL,66.3,74.26,6,56.53,7.33,487.4,Communication Services,0.26
HNDFDS,501.5,561.68,8,54.89,43.65,5994.9,Industrials,0.51
HOMEFIRST,1059.8,1186.98,6,57.35,21.61,11060.61,Financial Services,0.32
HONASA,332.35,372.23,7,71.12,69.82,10817.44,Consumer Defensive,8.74
HONAUT,27760.0,31091.2,2,42.52,48.69,24560.27,Industrials,1.75
HONDAPOWER,2129.0,2384.48,8,57.0,29.43,2159.46,Industrials,0.79
HPAL,34.87,39.05,6,57.3,23.4,320.52,Basic Materials,0.43
HPIL,125.45,140.5,10,56.86,129.33,143.32,Basic Materials,1.95
HPL,320.8,359.3,8,55.71,21.2,2062.76,Industrials,0.86
HSCL,464.8,520.58,8,55.53,32.8,23615.14,Basic Materials,1.18
HTMEDIA,23.21,26.0,8,61.11,2321.0,540.11,Communication Services,1.27
HUBTOWN,199.48,223.42,6,51.3,22.26,2835.2,Real Estate,0.48
HUDCO,181.93,203.76,6,55.44,13.09,36420.57,Financial Services,0.78
HUHTAMAKI,175.24,196.27,8,56.13,11.19,1323.45,Consumer Cyclical,0.39
HYBRIDFIN,20.21,22.64,7,66.39,17.88,60.6,Financial Services,1.64
HYUNDAI,1768.3,1980.5,0,33.68,24.79,143681.65,Consumer Cyclical,1.26
IBULLSLTD,10.9,12.21,8,56.37,0.0,2434.38,Real Estate,0.71
ICDSLTD,43.12,48.29,5,50.93,23.96,56.17,Real Estate,0.09
ICEMAKE,767.2,859.26,8,53.1,87.48,1210.62,Industrials,0.57
ICICIAMC,3251.1,3641.23,7,65.67,49.79,160688.4,Financial Services,2.2
ICICIBANK,1281.3,1435.06,6,50.01,17.48,917559.47,Financial Services,1.17
ICICIGI,1768.6,1980.83,3,45.79,32.38,88175.82,Financial Services,1.13
ICICIPRULI,541.95,606.98,0,40.69,57.53,78509.09,Financial Services,0.88
ICIL,243.46,272.68,3,45.29,40.31,4821.83,Consumer Cyclical,1.25
ICRA,5289.5,5924.24,6,48.21,27.56,5090.46,Financial Services,0.39
IDBI,72.1,80.75,0,38.07,8.34,77532.35,Financial Services,0.52
IDEA,9.12,10.21,6,45.57,0.0,98808.84,Communication Services,0.76
IDEAFORGE,429.85,481.43,8,55.84,0.0,1860.22,Technology,0.87
IDFCFIRSTB,65.28,73.11,6,48.64,34.36,56151.89,Financial Services,0.55
IEX,129.69,145.25,8,60.17,24.02,11533.34,Financial Services,0.73
IFBAGRO,873.1,977.87,8,58.2,17.12,817.84,Consumer Defensive,1.6
IFBIND,1040.2,1165.02,6,52.5,35.23,4223.41,Consumer Cyclical,0.74
IFCI,56.03,62.75,8,54.48,37.6,15119.07,Financial Services,1.62
IFGLEXPOR,168.86,189.12,10,62.56,42.32,1217.12,Basic Materials,1.75
IGARASHI,312.25,349.72,6,47.16,72.28,983.03,Consumer Cyclical,0.89
IGCL,62.41,69.9,6,51.06,11.39,394.58,Basic Materials,0.3
IGIL,337.0,377.44,8,56.61,28.46,14563.78,Basic Materials,0.37
IGL,155.1,173.71,8,49.43,13.06,21734.11,Utilities,1.52
IGPL,400.75,448.84,10,61.47,0.0,1235.66,Basic Materials,2.04
IIFL,443.2,496.38,0,40.96,14.85,18846.1,Financial Services,0.97
IIFLCAPS,274.82,307.8,6,47.3,15.71,8566.78,Financial Services,1.29
IITL,142.13,159.19,10,63.12,58.01,320.47,Financial Services,3.14
IKIO,138.85,155.51,8,60.55,45.83,1074.87,Technology,1.27
IKS,1477.3,1654.58,8,60.32,37.92,24746.54,Healthcare,0.32
IL&FSENGG,26.7,29.9,8,62.04,0.0,350.09,Industrials,0.29
IL&FSTRANS,2.12,2.37,6,47.53,0.0,69.74,Industrials,0.5
IMAGICAA,46.18,51.72,8,63.24,171.04,2613.15,Communication Services,0.47
IMFA,1367.1,1531.15,8,63.37,20.02,7378.78,Basic Materials,1.08
IMPAL,1002.6,1122.91,6,50.83,14.37,1251.24,Consumer Cyclical,0.95
IMPEXFERRO,1.52,1.7,3,47.3,0.0,13.58,Basic Materials,0.8
INCREDIBLE,33.82,37.88,6,54.57,12.25,158.16,Basic Materials,0.26
INDBANK,32.18,36.04,6,49.41,20.24,144.0,Financial Services,1.07
INDGN,490.25,549.08,8,59.87,26.92,11781.55,Healthcare,0.56
INDHOTEL,629.1,704.59,6,52.38,44.52,89548.12,Consumer Cyclical,0.62
INDIACEM,377.9,423.25,6,51.53,0.0,17566.5,Basic Materials,0.74
INDIAGLYCO,901.7,1009.9,8,53.72,20.87,6061.27,Basic Materials,0.65
INDIAMART,2100.2,2352.22,8,52.98,20.88,12615.85,Communication Services,2.44
INDIANB,941.85,1054.87,8,56.49,11.01,126863.8,Financial Services,1.01
INDIANCARD,194.38,217.71,6,55.82,4.7,116.8,Consumer Cyclical,0.86
INDIANHUME,327.2,366.46,6,50.34,2.79,1723.75,Industrials,0.6
INDIASHLTR,764.05,855.74,8,56.39,18.08,8311.24,Financial Services,1.0
INDIGO,4449.1,4982.99,6,52.41,53.55,172023.13,Industrials,0.84
INDIGOPNTS,789.7,884.46,6,45.64,26.16,3764.95,Basic Materials,0.61
INDIQUBE,151.67,169.87,6,49.55,0.0,3215.37,Real Estate,0.47
INDNIPPON,755.6,846.27,6,50.78,17.38,1709.27,Consumer Cyclical,0.55
INDOAMIN,103.4,115.81,6,55.74,10.5,750.85,Basic Materials,1.36
INDOBORAX,254.3,284.82,5,68.15,17.75,819.61,Basic Materials,0.41
INDOCO,201.42,225.59,8,56.61,0.0,1859.17,Healthcare,0.43
INDOFARM,142.08,159.13,8,60.25,21.96,682.72,Industrials,0.77
INDORAMA,34.97,39.17,6,54.68,6.66,913.11,Consumer Cyclical,0.25
INDOSTAR,215.4,241.25,8,57.44,5.29,3479.51,Financial Services,0.32
INDOTECH,1322.0,1480.64,6,50.99,15.64,1404.77,Industrials,1.3
INDOTHAI,290.1,324.91,8,62.83,99.01,3713.81,Financial Services,1.01
INDOUS,106.96,119.8,6,45.57,14.45,215.61,Basic Materials,0.32
INDOWIND,8.69,9.73,6,49.1,96.56,139.91,Utilities,1.04
INDRAMEDCO,428.65,480.09,8,59.48,21.49,3929.56,Healthcare,1.06
INDSWFTLAB,143.23,160.42,10,53.76,4.15,1241.97,Healthcare,3.54
INDTERRAIN,31.91,35.74,8,57.19,0.0,161.68,Consumer Cyclical,0.25
INDUSINDBK,814.55,912.3,6,46.5,0.0,63462.09,Financial Services,0.55
INDUSTOWER,438.45,491.06,6,52.12,16.2,115625.99,Communication Services,0.82
INFOBEAN,157.48,176.38,6,52.78,20.27,1526.92,Technology,0.85
INFOMEDIA,6.12,6.85,5,68.23,0.0,30.93,Financial Services,0.71
INFY,1331.6,1491.39,6,54.21,18.59,538850.41,Technology,1.21
INGERRAND,3797.6,4253.31,8,57.5,46.26,12045.34,Industrials,0.93
INNOVACAP,680.8,762.5,3,46.97,29.4,3895.87,Healthcare,1.25
INNOVANA,375.9,421.01,6,52.29,16.68,776.61,Technology,0.3
INOXGREEN,151.79,170.0,6,50.93,91.44,6097.48,Utilities,0.34
INOXINDIA,1223.9,1370.77,8,56.27,44.96,11108.55,Industrials,1.28
INOXWIND,85.39,95.64,6,51.01,31.16,14765.79,Industrials,0.66
INSECTICID,640.9,717.81,8,61.61,13.15,1864.88,Basic Materials,1.22
INSPIRISYS,83.64,93.68,6,56.92,8.86,335.27,Technology,0.12
INTELLECT,671.7,752.3,6,49.63,26.28,9318.81,Technology,0.59
INTENTECH,100.91,113.02,8,58.71,25.94,236.54,Technology,0.21
INTERARCH,1889.1,2115.79,8,55.64,23.18,3168.37,Industrials,0.72
INTLCONV,72.94,81.69,6,53.55,5.98,465.22,Industrials,0.75
INVENTURE,1.09,1.22,8,59.0,18.17,114.45,Financial Services,1.0
IOB,34.06,38.15,6,53.47,13.85,65587.95,Financial Services,0.6
IOC,141.67,158.67,0,41.15,5.46,200055.59,Energy,0.87
IOLCP,80.84,90.54,8,60.82,20.47,2378.76,Healthcare,0.89
IONEXCHANG,370.6,415.07,8,58.52,24.13,4560.59,Industrials,0.39
IPCALAB,1449.9,1623.89,0,38.55,40.45,36918.09,Healthcare,0.29
IPL,145.76,163.25,6,53.04,15.31,1684.84,Basic Materials,0.5
IRB,20.89,23.4,5,50.28,33.16,25230.94,Industrials,0.45
IRCON,133.43,149.44,6,52.21,20.43,12549.3,Industrials,0.87
IRCTC,531.55,595.34,6,46.78,29.85,42524.0,Consumer Cyclical,0.71
IREDA,123.13,137.91,8,57.9,17.98,34590.06,Financial Services,1.13
IRFC,98.49,110.31,6,51.95,18.38,128736.65,Financial Services,0.97
IRIS,235.67,263.95,6,48.63,48.39,484.73,Technology,0.69
IRISDOREME,32.09,35.94,8,55.51,42.22,547.71,Consumer Cyclical,0.61
IRMENERGY,195.31,218.75,3,44.62,17.9,801.94,Utilities,0.84
ISFT,68.31,76.51,6,51.76,8.92,111.43,Consumer Cyclical,0.5
ISGEC,952.95,1067.3,8,63.44,21.1,7025.83,Industrials,0.97
ISHANCH,54.58,61.13,6,49.77,0.0,149.03,Basic Materials,0.24
ITC,303.0,339.36,6,50.03,18.62,379642.89,Consumer Defensive,0.71
ITCHOTELS,151.37,169.53,6,45.51,41.7,31530.01,Consumer Cyclical,0.72
ITDC,529.35,592.87,7,66.87,57.17,4540.2,Consumer Cyclical,18.81
ITI,297.39,333.08,10,63.72,0.0,28680.46,Technology,7.03
IVALUE,232.7,260.62,8,52.61,13.53,1271.25,Technology,0.33
IVC,7.27,8.14,8,56.05,11.92,229.14,Financial Services,0.55
IVP,133.95,150.02,8,54.45,10.12,139.0,Basic Materials,0.36
IXIGO,170.15,190.57,8,46.54,120.67,7455.69,Consumer Cyclical,1.73
IZMO,709.25,794.36,6,50.73,28.64,1061.22,Technology,0.69
J&KBANK,121.57,136.16,8,56.22,6.21,13387.08,Financial Services,0.99
JAGRAN,66.45,74.42,5,67.31,8.8,1446.92,Communication Services,1.39
JAGSNPHARM,193.5,216.72,5,67.41,31.93,1297.02,Healthcare,0.25
JAIBALAJI,62.09,69.54,6,51.05,30.74,5664.17,Basic Materials,0.61
JAICORPLTD,104.02,116.5,6,53.54,10.6,1826.99,Basic Materials,0.4
JAINREC,422.5,473.2,2,44.11,42.04,14579.88,Basic Materials,1.28
JAIPURKURT,30.23,33.86,6,51.16,12.54,52.18,Consumer Cyclical,0.28
JAMNAAUTO,121.95,136.58,6,49.53,25.14,4875.4,Consumer Cyclical,1.05
JARO,432.5,484.4,3,47.19,19.27,959.23,Consumer Defensive,0.35
JASH,399.25,447.16,8,58.92,45.06,2523.01,Industrials,0.47
JAYAGROGN,189.64,212.4,8,59.49,12.87,568.92,Basic Materials,0.48
JAYBARMARU,88.42,99.03,6,50.39,11.87,957.15,Consumer Cyclical,1.3
JAYKAY,153.02,171.38,8,59.41,66.53,1994.78,Industrials,1.05
JAYNECOIND,82.07,91.92,8,61.95,21.32,7969.85,Basic Materials,1.22
JAYSREETEA,81.86,91.68,8,52.65,5.75,236.39,Consumer Defensive,0.59
JBCHEPHARM,1970.2,2206.62,0,41.41,41.57,31633.27,Healthcare,0.84
JBMA,604.95,677.54,8,60.81,189.64,14312.42,Consumer Cyclical,1.38
JETFREIGHT,17.74,19.87,8,51.83,20.87,82.32,Industrials,0.42
JGCHEM,352.9,395.25,8,54.61,21.92,1382.88,Basic Materials,0.52
JHS,8.71,9.76,6,54.36,0.0,76.13,Consumer Defensive,0.28
JINDALPHOT,1134.05,1270.14,6,47.9,96.19,1167.78,Financial Services,0.16
JINDALPOLY,810.5,907.76,5,53.13,0.0,3548.89,Consumer Cyclical,0.23
JINDALSAW,202.31,226.59,8,59.86,11.47,12895.1,Basic Materials,0.23
JINDALSTEL,1199.6,1343.55,8,55.85,61.42,122057.88,Basic Materials,1.11
JINDRILL,532.55,596.46,8,57.09,6.52,1543.66,Energy,0.5
JINDWORLD,24.24,27.15,10,59.01,36.73,2431.97,Consumer Cyclical,4.44
JIOFIN,238.84,267.5,6,48.69,94.78,151738.44,Financial Services,1.18
JISLDVREQS,23.39,26.2,8,58.18,97.46,3015.12,Industrials,0.46
JISLJALEQS,31.85,35.67,6,50.65,132.71,2336.2,Industrials,0.58
JITFINFRA,324.35,363.27,8,52.24,0.0,835.84,Industrials,0.36
JKCEMENT,5539.0,6203.68,8,58.57,41.99,42798.88,Basic Materials,0.71
JKIL,468.45,524.66,0,44.22,9.07,3544.55,Industrials,0.6
JKIPL,55.01,61.61,6,47.26,0.0,211.16,Industrials,0.4
JKLAKSHMI,614.5,688.24,6,47.64,16.44,7628.67,Basic Materials,0.49
JKPAPER,344.55,385.9,8,54.87,24.52,6256.61,Basic Materials,0.54
JKTYRE,421.1,471.63,6,46.9,17.09,12149.53,Consumer Cyclical,1.13
JLHL,1238.7,1387.34,3,46.08,43.06,8121.66,Healthcare,0.45
JMA,81.87,91.69,6,50.69,6.24,187.0,Consumer Cyclical,0.27
JMFINANCIL,130.32,145.96,10,56.69,10.17,12463.42,Financial Services,1.54
JNKINDIA,264.97,296.77,8,61.31,32.31,1482.61,Industrials,0.43
JOCIL,112.99,126.55,6,48.89,16.38,100.35,Basic Materials,0.52
JPOLYINVST,1098.7,1230.54,3,46.21,1.3,1154.95,Financial Services,0.23
JPPOWER,16.81,18.83,8,63.17,25.47,11520.66,Utilities,1.07
JSFB,391.05,437.98,8,57.97,13.26,4118.72,Financial Services,0.74
JSL,757.1,847.95,6,55.83,21.24,62372.52,Basic Materials,0.97
JSLL,650.85,728.95,8,57.13,38.04,8090.11,Healthcare,0.32
JSWCEMENT,126.11,141.24,8,60.55,0.0,16880.77,Basic Materials,0.85
JSWENERGY,489.15,547.85,5,49.25,37.48,85900.93,Utilities,0.74
JSWHL,12948.0,14501.76,0,38.68,100.57,14391.96,Industrials,1.16
JSWINFRA,256.7,287.5,10,53.04,33.25,53504.22,Industrials,1.6
JSWSTEEL,1209.7,1354.86,8,56.41,39.73,295512.99,Basic Materials,1.16
JTEKTINDIA,130.94,146.65,6,51.28,47.1,3632.23,Consumer Cyclical,1.17
JTLIND,65.8,73.7,7,66.26,32.41,2586.48,Basic Materials,8.32
JUBLCPL,1736.1,1944.43,6,51.42,21.69,2630.62,Basic Materials,0.35
JUBLFOOD,427.85,479.19,0,39.04,88.4,28138.84,Consumer Cyclical,0.73
JUBLINGREA,638.85,715.51,8,63.31,38.12,10099.98,Basic Materials,0.64
JUBLPHARMA,879.0,984.48,6,55.63,32.3,13931.05,Healthcare,1.19
JUNIPER,212.59,238.1,6,53.21,32.36,4730.18,Consumer Cyclical,0.49
JUSTDIAL,566.55,634.54,6,57.9,8.37,4819.2,Communication Services,0.81
JWL,268.91,301.18,6,50.61,46.52,11492.42,Industrials,0.69
JYOTHYLAB,221.45,248.02,6,49.96,23.79,8131.96,Consumer Defensive,0.5
JYOTICNC,808.0,904.96,8,56.05,0.75,18375.79,Industrials,0.36
JYOTISTRUC,11.55,12.94,8,57.57,26.25,1378.68,Industrials,0.78
KABRAEXTRU,227.06,254.31,6,54.85,19.69,794.43,Industrials,0.95
KAJARIACER,1094.4,1225.73,7,68.41,42.88,17430.76,Industrials,1.57
KAKATCEM,100.52,112.58,6,49.22,0.0,78.27,Basic Materials,0.68
KALAMANDIR,94.26,105.57,0,41.87,11.4,1393.97,Consumer Cyclical,1.04
KALPATARU,298.7,334.54,6,50.45,0.0,6150.65,Real Estate,0.17
KALYANI,138.09,154.66,0,100.0,5.92,13.81,Consumer Cyclical,1.0
KALYANIFRG,575.2,644.22,8,47.9,36.92,209.26,Consumer Cyclical,3.63
KALYANKJIL,446.1,499.63,5,66.25,40.7,46088.31,Consumer Cyclical,1.24
KAMATHOTEL,169.62,189.97,3,46.78,16.06,500.04,Consumer Cyclical,0.53
KAMDHENU,21.6,24.19,8,55.33,7.77,609.36,Basic Materials,0.65
KAMOPAINTS,5.46,6.12,7,68.25,5.52,181.11,Basic Materials,1.65
KANANIIND,1.75,1.96,7,69.78,19.44,35.04,Consumer Cyclical,2.26
KANORICHEM,69.54,77.88,8,58.55,0.0,303.84,Basic Materials,0.73
KANPRPLA,187.1,209.55,8,55.23,15.0,458.0,Consumer Cyclical,0.66
KANSAINER,185.3,207.54,6,52.36,25.59,14984.44,Basic Materials,0.23
KAPSTON,283.65,317.69,3,39.86,32.42,863.21,Industrials,0.3
KARMAENG,41.41,46.38,10,56.4,21.91,47.92,Utilities,1.62
KARURVYSYA,277.65,310.97,3,45.64,11.67,26838.17,Financial Services,0.87
KAUSHALYA,829.25,928.76,8,53.29,0.0,28.72,Industrials,0.47
KAVDEFENCE,61.24,68.59,8,53.01,124.98,372.51,Technology,1.84
KAYA,258.26,289.25,2,38.38,0.0,392.24,Consumer Defensive,2.25
KAYNES,3851.5,4313.68,8,55.75,65.21,25838.02,Technology,1.04
KCP,157.97,176.93,8,60.58,13.61,2036.57,Basic Materials,0.32
KCPSUGIND,24.32,27.24,8,57.12,67.56,277.94,Consumer Defensive,0.32
KDDL,2284.6,2558.75,6,52.45,33.76,2809.89,Consumer Cyclical,0.49
KEC,578.2,647.58,8,56.6,22.29,15391.69,Industrials,7.52
KECL,98.48,110.3,5,67.47,61.55,655.05,Industrials,0.43
KEEPLEARN,1.96,2.2,8,55.32,0.0,30.52,Consumer Defensive,1.0
KEI,4416.9,4946.93,6,53.12,49.0,42225.82,Industrials,0.92
KELLTONTEC,14.71,16.48,0,39.7,8.5,781.7,Technology,0.95
KERNEX,1108.6,1241.63,8,60.46,35.32,1862.72,Technology,1.08
KESORAMIND,10.93,12.24,7,66.15,0.0,339.56,Basic Materials,4.11
KEYFINSERV,271.53,304.11,6,57.9,17.91,152.08,Financial Services,1.08
KFINTECH,892.25,999.32,2,43.55,44.52,15393.46,Technology,1.97
KHADIM,88.54,99.16,0,36.15,20.93,163.47,Consumer Cyclical,1.4
KHAICHEM,52.74,59.07,6,50.3,7.11,513.93,Basic Materials,1.31
KHAITANLTD,103.47,115.89,10,57.81,7.48,51.95,Industrials,2.03
KHANDSE,15.3,17.14,3,46.36,0.0,23.34,Financial Services,0.12
KICL,4578.7,5128.14,6,53.32,46.33,2000.35,Financial Services,0.56
KILITCH,131.27,147.02,0,32.96,16.74,459.24,Healthcare,1.15
KIMS,662.0,741.44,8,52.5,88.15,26489.2,Healthcare,0.42
KINGFA,4294.9,4810.29,8,56.66,33.68,5826.28,Basic Materials,1.18
KIOCL,351.65,393.85,8,56.95,0.0,21371.57,Basic Materials,0.21
KIRIINDUS,397.45,445.14,6,50.84,0.49,2385.6,Basic Materials,0.52
KIRLOSBROS,1530.2,1713.82,6,52.58,30.44,12153.42,Industrials,1.3
KIRLOSENG,1457.9,1632.85,8,58.24,39.01,21191.99,Industrials,0.88
KIRLOSIND,2899.3,3247.22,6,54.19,18.79,3051.01,Industrials,0.67
KIRLPNU,1174.7,1315.66,8,63.79,40.01,7630.64,Industrials,0.69
KITEX,165.56,185.43,6,50.88,0.0,3304.92,Consumer Cyclical,0.81
KKCL,458.85,513.91,6,50.67,20.28,2827.67,Consumer Cyclical,0.95
KMEW,1701.2,1905.34,8,57.66,60.71,4171.1,Industrials,1.35
KMSUGAR,27.12,30.37,8,64.95,4.52,249.5,Consumer Defensive,0.82
KNAGRI,220.47,246.93,7,69.88,15.03,551.15,Consumer Defensive,2.4
KNRCON,117.8,131.94,3,45.03,7.05,3312.94,Industrials,0.26
KOHINOOR,24.2,27.1,8,57.17,0.24,89.82,Consumer Defensive,0.66
KOKUYOCMLN,80.8,90.5,6,55.54,30.84,810.45,Industrials,0.31
KOLTEPATIL,322.8,361.54,6,48.41,55.18,2862.59,Real Estate,0.9
KOPRAN,156.02,174.74,7,71.89,45.62,753.35,Healthcare,2.61
KOTAKBANK,371.9,416.53,6,46.07,19.69,369872.86,Financial Services,0.52
KOTARISUG,24.46,27.4,6,53.01,38.22,202.75,Consumer Defensive,0.51
KOTHARIPET,119.15,133.45,8,58.2,9.75,701.15,Basic Materials,0.6
KOTHARIPRO,66.61,74.6,8,55.46,2.72,400.68,Industrials,0.29
KOTYARK,366.5,410.48,5,58.22,142.05,376.73,Basic Materials,0.24
KPEL,295.39,330.84,8,56.22,13.39,2000.66,Industrials,0.74
KPIGREEN,404.15,452.65,8,57.01,18.91,7984.41,Utilities,0.44
KPIL,1143.0,1280.16,8,56.05,23.36,19519.3,Industrials,0.48
KPITTECH,716.05,801.98,6,48.69,27.28,19519.7,Technology,0.85
KPRMILL,859.75,962.92,6,51.72,34.86,29448.38,Consumer Cyclical,1.01
KRBL,325.95,365.06,6,55.53,11.54,7460.67,Consumer Defensive,0.77
KREBSBIO,57.33,64.21,8,57.26,0.0,124.68,Healthcare,0.25
KRIDHANINF,2.46,2.76,6,47.71,3.62,25.11,Basic Materials,1.27
KRISHANA,584.35,654.47,7,68.9,27.8,3612.9,Basic Materials,2.04
KRISHIVAL,320.3,358.74,6,49.94,37.37,820.87,Consumer Defensive,0.31
KRISHNADEF,915.3,1025.14,3,47.27,44.69,1286.82,Industrials,0.51
KRITI,81.24,90.99,8,55.6,0.0,428.1,Industrials,1.01
KRITIKA,5.99,6.71,6,55.64,20.66,159.5,Basic Materials,0.54
KRITINUT,66.53,74.51,6,54.34,10.27,333.92,Consumer Defensive,0.38
KRN,964.2,1079.9,8,61.5,88.05,5993.14,Technology,0.84
KRONOX,131.89,147.72,8,62.74,18.73,489.36,Basic Materials,0.62
KROSS,184.74,206.91,6,54.25,32.18,1191.75,Consumer Cyclical,0.79
KRSNAA,592.65,663.77,6,49.51,24.25,1922.48,Healthcare,0.4
KRYSTAL,545.5,610.96,3,46.15,17.41,762.17,Industrials,0.44
KSB,860.4,963.65,5,70.81,55.47,14974.34,Industrials,0.68
KSCL,908.7,1017.74,5,67.15,15.42,4611.12,Basic Materials,1.03
KSHINTL,499.15,559.05,5,74.59,35.99,3382.03,Industrials,0.56
KSHITIJPOL,2.6,2.91,8,62.49,0.0,23.14,Industrials,0.74
KSL,648.75,726.6,3,46.72,10.63,2836.4,Basic Materials,0.82
KSOLVES,305.93,342.64,8,59.69,23.81,725.42,Technology,0.68
KSR,34.5,38.64,5,55.32,0.0,64.67,Consumer Cyclical,0.68
KTKBANK,243.69,272.93,5,65.61,7.99,9214.9,Financial Services,1.21
KUANTUM,78.41,87.82,6,51.21,12.75,684.23,Basic Materials,0.6
LAGNAM,65.29,73.12,6,48.92,7.9,115.36,Consumer Cyclical,0.69
LAKPRE,5.6,6.27,10,62.17,0.0,12.73,Industrials,1.94
LAL,7.83,8.77,8,60.14,0.0,135.25,Consumer Cyclical,0.45
LALPATHLAB,1395.2,1562.62,8,58.96,44.19,23296.14,Healthcare,0.85
LAMBODHARA,102.44,114.73,6,55.82,13.13,106.33,Consumer Cyclical,0.26
LANCORHOL,24.88,27.87,8,63.03,0.0,182.99,Real Estate,0.7
LANDMARK,417.9,468.05,8,60.65,73.19,1735.22,Consumer Cyclical,0.95
LAOPALA,172.98,193.74,0,38.72,18.86,1920.08,Consumer Cyclical,1.09
LASA,7.56,8.47,6,55.83,2.04,37.88,Healthcare,1.29
LATENTVIEW,298.15,333.93,6,48.9,30.18,6169.47,Industrials,0.17
LATTEYS,21.77,24.38,10,60.44,70.23,125.17,Industrials,1.55
LAURUSLABS,1083.7,1213.74,8,61.5,69.51,58518.35,Healthcare,0.49
LAXMICOT,14.35,16.07,6,54.29,3.2,24.61,Consumer Cyclical,0.82
LAXMIDENTL,190.22,213.05,8,55.86,44.97,1045.49,Healthcare,0.61
LAXMIINDIA,99.22,111.13,10,63.61,11.83,518.6,Financial Services,3.85
LCCINFOTEC,5.08,5.69,8,53.76,0.0,85.65,Consumer Defensive,0.26
LEMERITE,448.95,502.82,6,51.07,87.34,1093.64,Consumer Cyclical,0.13
LEMONTREE,113.45,127.06,6,54.42,40.81,8983.51,Consumer Cyclical,0.73
LENSKART,514.4,576.13,10,55.44,149.53,88946.74,Healthcare,1.76
LEXUS,22.35,25.03,2,27.39,26.61,45.13,Industrials,2.1
LFIC,133.22,149.21,10,56.33,32.89,39.97,Financial Services,12.29
LGBBROSLTD,1769.2,1981.5,8,50.65,16.82,5643.19,Consumer Cyclical,1.83
LGEINDIA,1430.2,1601.82,0,44.13,55.54,97078.02,Technology,0.43
LGHL,239.02,267.7,0,40.01,106.71,1197.31,Consumer Cyclical,0.69
LIBAS,10.86,12.16,8,62.32,3.15,28.61,Consumer Cyclical,0.51
LIBERTSHOE,256.92,287.75,8,56.02,38.06,437.79,Consumer Cyclical,0.29
LICHSGFIN,532.3,596.18,8,59.62,5.34,29279.85,Financial Services,0.48
LICI,793.4,888.61,6,52.02,9.47,501825.35,Financial Services,1.14
LIKHITHA,237.43,265.92,5,77.14,17.93,937.2,Energy,0.53
LINC,99.78,111.75,6,48.56,17.23,593.75,Industrials,0.83
LINCOLN,547.85,613.59,0,39.44,12.49,1097.33,Healthcare,0.7
LINDEINDIA,7183.5,8045.52,8,55.12,104.31,61263.92,Basic Materials,0.35
LLOYDSENGG,48.87,54.73,8,60.92,41.42,7203.66,Industrials,0.79
LLOYDSENT,61.11,68.44,5,70.62,26.8,9328.76,Basic Materials,1.06
LLOYDSME,1487.0,1665.44,5,71.53,33.86,83665.32,Basic Materials,0.58
LMW,13372.0,14976.64,3,46.88,124.28,14285.31,Industrials,0.38
LODHA,789.55,884.3,3,44.94,23.63,78856.08,Real Estate,0.71
LOKESHMACH,221.32,247.88,5,65.92,240.57,442.7,Industrials,0.58
LORDSCHLO,141.71,158.72,5,65.72,14.17,406.05,Basic Materials,0.53
LOTUSDEV,134.52,150.66,8,58.32,28.93,6574.31,Industrials,0.42
LOTUSEYE,108.86,121.92,6,52.21,351.16,226.39,Healthcare,0.26
LOVABLE,68.25,76.44,6,53.75,13.2,101.47,Consumer Cyclical,0.74
LOYALTEX,202.6,226.91,6,50.86,0.0,97.58,Consumer Cyclical,0.72
LPDC,7.99,8.95,5,79.52,0.0,108.09,Real Estate,1.35
LT,3896.2,4363.74,6,55.6,30.49,535973.8,Industrials,0.9
LTF,272.18,304.84,6,53.98,24.28,68201.26,Financial Services,0.8
LTFOODS,405.15,453.77,8,56.55,21.65,14076.18,Consumer Defensive,0.45
LTTS,3333.2,3733.18,6,49.99,28.12,35331.3,Technology,0.26
LUMAXIND,5304.0,5940.48,6,53.41,30.52,4961.98,Consumer Cyclical,0.7
LUMAXTECH,1725.6,1932.67,8,59.84,47.22,11761.29,Consumer Cyclical,1.07
LUPIN,2295.1,2570.51,7,50.83,22.63,104927.18,Healthcare,1.97
LUXIND,1232.3,1380.18,5,69.6,34.36,3705.73,Consumer Cyclical,0.56
LXCHEM,124.16,139.06,6,52.17,43.26,3441.07,Basic Materials,0.53
LYKALABS,58.23,65.22,6,53.21,0.0,208.12,Healthcare,0.19
LYPSAGEMS,5.29,5.92,8,61.82,0.0,15.65,Consumer Cyclical,0.98
M&M,3166.8,3546.82,6,50.52,22.68,380165.74,Consumer Cyclical,0.76
M&MFIN,296.1,331.63,0,39.96,16.72,41142.45,Financial Services,1.11
MAANALU,136.14,152.48,6,54.13,48.11,737.87,Basic Materials,1.23
MACPOWER,987.55,1106.06,8,64.74,30.49,987.96,Industrials,0.61
MADHAV,35.43,39.68,6,54.64,0.0,31.92,Industrials,0.24
MADHUCON,5.06,5.67,10,64.91,0.0,37.34,Industrials,2.74
MADRASFERT,66.63,74.63,8,57.34,148.07,1073.42,Basic Materials,1.52
MAGADSUGAR,479.95,537.54,8,57.92,7.82,676.33,Consumer Defensive,0.46
MAGNUM,21.61,24.2,8,58.59,0.0,147.84,Basic Materials,0.47
MAHABANK,70.03,78.43,8,58.21,8.32,53863.96,Financial Services,0.77
MAHAPEXLTD,47.59,53.3,0,33.57,2.77,124.24,Financial Services,0.42
MAHASTEEL,944.6,1057.95,5,57.45,142.9,1552.39,Basic Materials,0.14
MAHEPC,110.33,123.57,6,50.63,21.76,308.29,Industrials,0.43
MAHESHWARI,46.19,51.73,8,62.39,6.86,136.71,Industrials,0.1
MAHLIFE,341.4,382.37,6,50.21,22.15,7282.55,Real Estate,0.4
MAHLOG,381.6,427.39,8,54.64,0.0,3786.33,Industrials,0.64
MAHSCOOTER,13124.0,14698.88,8,58.84,41.86,15015.94,Financial Services,0.88
MAHSEAMLES,608.6,681.63,5,66.11,9.71,8155.19,Basic Materials,0.68
MAITHANALL,935.65,1047.93,6,50.8,6.15,2723.82,Basic Materials,0.71
MALLCOM,1085.7,1215.98,6,54.18,12.65,677.48,Industrials,0.17
MALUPAPER,32.57,36.48,8,53.88,0.0,56.91,Basic Materials,0.4
MAMATA,361.95,405.38,6,47.38,21.14,890.68,Industrials,0.55
MANAKALUCO,26.7,29.9,8,51.02,27.81,174.98,Basic Materials,1.75
MANAKCOAT,105.02,117.62,0,43.45,25.18,1113.16,Industrials,0.1
MANAKSIA,55.46,62.12,6,56.73,6.98,363.45,Industrials,0.57
MANAKSTEEL,57.34,64.22,8,57.44,14.85,375.77,Basic Materials,0.37
MANALIPETC,53.26,59.65,10,62.14,8.21,919.42,Basic Materials,2.3
MANAPPURAM,262.95,294.5,6,48.11,56.07,24699.85,Financial Services,0.79
MANBA,107.62,120.53,0,41.68,12.81,540.68,Financial Services,1.39
MANCREDIT,176.12,197.25,8,60.35,29.4,372.77,Financial Services,0.54
MANGALAM,31.97,35.81,6,55.36,0.0,50.75,Healthcare,0.95
MANGLMCEM,868.65,972.89,8,59.39,29.67,2393.18,Basic Materials,0.57
MANINDS,439.35,492.07,8,64.76,16.66,3295.55,Basic Materials,0.94
MANINFRA,92.18,103.24,6,47.48,15.21,3721.0,Industrials,0.27
MANKIND,2054.2,2300.7,3,48.42,47.68,84803.19,Healthcare,0.38
MANOMAY,225.21,252.24,8,52.38,22.59,407.69,Consumer Cyclical,0.54
MANORAMA,1277.4,1430.69,6,49.3,35.86,7627.17,Consumer Defensive,1.05
MANORG,422.1,472.75,8,56.5,14.49,362.83,Basic Materials,1.3
MANUGRAPH,13.65,15.29,6,54.17,8.27,42.78,Industrials,0.29
MANYAVAR,387.25,433.72,6,52.64,25.96,9409.13,Consumer Cyclical,0.5
MAPMYINDIA,924.4,1035.33,6,46.06,38.53,5058.47,Technology,0.54
MARALOVER,43.0,48.16,8,56.96,0.0,178.48,Consumer Cyclical,0.63
MARATHON,443.5,496.72,6,56.3,12.15,2990.1,Real Estate,0.46
MARICO,747.35,837.03,3,46.63,56.49,96806.69,Consumer Defensive,0.87
MARINE,190.9,213.81,8,58.79,49.71,2532.58,Industrials,1.04
MARKOLINES,151.97,170.21,6,50.7,12.5,336.48,Industrials,0.24
MARKSANS,174.98,195.98,8,55.98,22.04,7929.46,Healthcare,0.75
MARUTI,13589.0,15219.68,6,54.64,28.63,427241.64,Consumer Cyclical,0.85
MASFIN,310.15,347.37,6,53.55,16.05,5627.78,Financial Services,0.49
MASKINVEST,130.05,145.66,6,48.33,0.0,39.68,Financial Services,0.24
MASTEK,1609.6,1802.75,6,55.44,13.23,4989.33,Technology,0.72
MASTERTR,71.94,80.57,6,47.7,7.41,884.98,Financial Services,0.21
MATRIMONY,435.95,488.26,6,52.73,28.76,901.12,Communication Services,0.17
MAWANASUG,94.97,106.37,8,62.51,10.35,374.34,Consumer Defensive,0.56
MAXESTATES,369.3,413.62,6,51.9,121.88,6036.22,Real Estate,0.78
MAXHEALTH,954.95,1069.54,0,40.24,65.9,92935.02,Healthcare,1.1
MAXIND,149.13,167.03,6,52.41,0.0,784.01,Healthcare,1.06
MAYURUNIQ,552.45,618.74,8,57.62,13.81,2404.05,Consumer Cyclical,0.56
MAZDA,191.56,214.55,6,54.18,14.34,383.6,Industrials,0.41
MAZDOCK,2435.5,2727.76,8,56.59,40.84,98243.2,Industrials,1.16
MBAPL,540.1,604.91,5,72.9,45.27,4732.73,Basic Materials,0.47
MBEL,303.4,339.81,6,55.65,18.43,1733.88,Industrials,0.46
MBLINFRA,25.6,28.67,8,57.44,0.0,391.47,Industrials,0.24
MCL,63.64,71.28,8,52.03,37.44,172.74,Basic Materials,1.59
MCLEODRUSS,39.28,43.99,8,57.72,0.0,415.17,Consumer Defensive,0.44
MCLOUD,26.13,29.27,5,65.65,14.36,1542.19,Technology,1.36
MCX,2657.5,2976.4,8,61.28,106.64,67637.12,Financial Services,0.96
MEDANTA,1050.4,1176.45,6,50.51,55.11,28223.92,Healthcare,0.63
MEDIASSIST,353.7,396.14,6,55.37,45.0,2638.94,Healthcare,0.36
MEDICAMEQ,236.95,265.38,0,35.84,40.5,321.37,Healthcare,0.23
MEDICO,38.09,42.66,6,45.57,27.21,316.09,Healthcare,0.22
MEDPLUS,855.75,958.44,10,56.48,49.67,10279.2,Healthcare,6.66
MEESHO,165.47,185.33,10,63.15,0.0,75521.42,Consumer Cyclical,6.44
MEGASTAR,273.3,306.1,5,69.05,29.71,308.66,Consumer Defensive,0.17
MEIL,250.39,280.44,8,54.21,15.59,691.83,Industrials,1.26
MENONBE,114.05,127.74,3,49.06,20.59,639.14,Consumer Cyclical,0.33
MEP,0.86,0.96,0,16.7,0.0,15.78,Industrials,0.15
METROBRAND,996.6,1116.19,6,56.69,69.99,27218.64,Consumer Cyclical,0.61
METROPOLIS,456.9,511.73,6,53.81,56.62,9472.81,Healthcare,0.19
MFML,22.82,25.56,3,49.07,4.28,24.24,Consumer Cyclical,0.34
MFSL,1607.4,1800.29,6,48.95,375.56,55508.59,Financial Services,1.01
MGEL,11.92,13.35,8,55.69,10.46,392.83,Consumer Defensive,0.3
MGL,1040.25,1165.08,6,56.07,10.79,10275.36,Utilities,0.76
MHLXMIRU,164.53,184.27,6,45.9,8.33,174.77,Consumer Cyclical,0.17
MHRIL,247.14,276.8,2,40.25,49.23,4995.74,Consumer Cyclical,2.3
MICEL,38.56,43.19,10,61.99,101.47,929.34,Technology,1.65
MIDHANI,320.45,358.9,6,51.69,54.59,6015.55,Basic Materials,0.83
MIDWESTLTD,1301.3,1457.46,6,53.74,40.41,4705.61,Basic Materials,0.59
MINDACORP,514.4,576.13,6,48.07,42.72,12106.97,Consumer Cyclical,0.96
MINDTECK,180.72,202.41,6,50.98,20.56,579.51,Technology,0.55
MIRCELECTR,31.3,35.06,5,66.02,0.0,1156.61,Consumer Cyclical,1.04
MIRZAINT,31.06,34.79,6,51.63,50.1,429.26,Consumer Cyclical,1.22
MITCON,70.19,78.61,5,72.12,28.3,124.09,Industrials,0.52
MITTAL,0.98,1.1,8,55.71,16.33,43.5,Consumer Cyclical,0.61
MKPL,5.07,5.68,8,52.63,23.05,191.25,Consumer Defensive,3.52
MMFL,440.75,493.64,8,55.08,24.57,2128.01,Industrials,0.77
MMP,235.49,263.75,8,56.33,25.08,598.21,Basic Materials,0.41
MMTC,58.76,65.81,6,52.83,33.39,8821.87,Industrials,0.22
MOBIKWIK,182.63,204.55,8,50.81,0.0,1437.85,Technology,1.77
MODINATUR,347.2,388.86,5,67.59,11.91,462.0,Consumer Defensive,0.61
MODIRUBBER,119.41,133.74,8,58.02,16.84,301.57,Real Estate,0.58
MODIS,303.35,339.75,3,45.72,23.87,594.3,Real Estate,0.19
MODISONLTD,135.25,151.48,6,55.97,9.52,438.89,Industrials,0.49
MODTHREAD,49.33,55.25,8,58.57,14.86,171.55,Consumer Cyclical,0.21
MOHITIND,22.92,25.67,6,53.46,0.0,32.45,Consumer Cyclical,0.22
MOIL,300.35,336.39,6,54.22,21.03,6111.68,Basic Materials,0.54
MOKSH,10.39,11.64,6,45.43,8.31,87.02,Consumer Cyclical,0.27
MOL,48.48,54.3,6,55.28,30.49,1233.3,Basic Materials,0.7
MOLDTECH,124.52,139.46,6,53.2,31.37,358.68,Industrials,0.76
MOLDTKPAC,546.1,611.63,8,54.99,26.47,1814.63,Consumer Cyclical,0.54
MONARCH,289.08,323.77,8,59.58,14.43,2291.49,Financial Services,0.6
MONEYBOXX,74.02,82.9,8,63.64,0.0,516.73,Financial Services,1.31
MONTECARLO,526.15,589.29,6,51.26,11.29,1090.82,Consumer Cyclical,0.61
MORARJEE,7.1,7.95,8,57.88,0.0,24.72,Consumer Cyclical,0.97
MOREPENLAB,39.61,44.36,8,54.14,22.01,2170.44,Healthcare,0.94
MOSCHIP,171.98,192.62,6,50.54,96.08,3334.08,Technology,1.04
MOTHERSON,116.9,130.93,6,52.53,36.08,123110.08,Consumer Cyclical,1.13
MOTILALOFS,761.15,852.49,8,60.52,23.16,45865.28,Financial Services,1.29
MOTISONS,13.49,15.11,6,53.49,0.0,1352.22,Consumer Cyclical,1.18
MOTOGENFIN,22.48,25.18,8,60.47,66.12,87.71,Real Estate,0.68
MPHASIS,2385.3,2671.54,8,63.17,25.3,45479.58,Technology,1.03
MPSLTD,1746.2,1955.74,5,68.23,17.1,2962.59,Communication Services,0.45
MRF,134020.0,150102.4,6,51.71,25.5,56839.8,Consumer Cyclical,1.27
MRPL,176.24,197.39,0,44.33,14.19,30922.34,Energy,0.22
MSPL,35.49,39.75,5,66.59,0.0,2011.56,Basic Materials,0.9
MSTCLTD,418.85,469.11,8,51.23,13.6,2950.4,Industrials,1.65
MSUMI,38.58,43.21,6,47.26,41.04,25584.95,Consumer Cyclical,1.24
MTARTECH,4158.5,4657.52,7,69.48,200.89,12799.71,Industrials,3.87
MTEDUCARE,1.5,1.68,8,59.99,0.0,11.21,Consumer Defensive,0.24
MTNL,28.02,31.38,6,57.43,0.0,1765.26,Communication Services,0.78
MUFIN,102.85,115.19,6,47.99,84.3,2053.86,Financial Services,0.88
MUFTI,77.2,86.46,6,50.44,10.89,504.66,Consumer Cyclical,0.63
MUKANDLTD,129.61,145.16,8,55.77,31.16,1878.86,Basic Materials,0.65
MUKKA,22.31,24.99,6,55.35,14.87,669.3,Consumer Defensive,0.91
MUKTAARTS,48.63,54.47,8,54.8,0.0,113.68,Communication Services,8.52
MUNJALAU,76.35,85.51,6,53.18,15.65,763.6,Consumer Cyclical,0.91
MUNJALSHOW,123.69,138.53,6,54.08,16.06,494.7,Consumer Cyclical,0.68
MURUDCERA,31.22,34.97,8,58.15,15.08,189.02,Industrials,3.23
MUTHOOTCAP,193.89,217.16,6,45.55,24.95,318.9,Financial Services,0.5
MUTHOOTFIN,3475.2,3892.22,6,55.29,16.0,139597.01,Financial Services,0.62
MUTHOOTMF,167.72,187.85,8,57.07,0.0,2811.09,Financial Services,1.51
MVGJL,166.18,186.12,8,63.27,7.15,811.75,Consumer Cyclical,0.79
MWL,265.65,297.53,6,52.04,18.63,789.0,Basic Materials,0.37
NACLIND,167.12,187.17,5,70.91,0.0,3925.88,Basic Materials,1.48
NAGAFERT,4.22,4.73,6,54.09,0.0,252.38,Basic Materials,1.02
NAGREEKCAP,23.09,25.86,6,47.89,1.69,30.95,Financial Services,0.2
NAGREEKEXP,23.61,26.44,6,58.18,30.66,73.78,Consumer Cyclical,1.21
NAHARCAP,231.91,259.74,8,55.36,5.87,388.36,Financial Services,0.3
NAHARINDUS,97.3,108.98,8,58.27,9.86,421.16,Consumer Cyclical,0.64
NAHARPOLY,242.88,272.03,8,55.25,8.24,601.29,Consumer Cyclical,0.91
NAHARSPING,230.15,257.77,5,65.3,42.54,830.04,Consumer Cyclical,0.41
NAM-INDIA,908.65,1017.69,10,56.31,40.73,57982.41,Financial Services,1.56
NARMADA,34.22,38.33,10,61.88,30.83,131.09,Basic Materials,4.63
NATCAPSUQ,154.28,172.79,6,53.47,0.0,162.2,Healthcare,0.22
NATCOPHARM,1123.7,1258.54,5,74.44,12.92,20131.42,Healthcare,0.9
NATHBIOGEN,149.65,167.61,8,59.94,6.59,284.79,Basic Materials,0.49
NATIONALUM,412.35,461.83,8,61.42,12.33,75817.84,Basic Materials,0.86
NAUKRI,1002.4,1122.69,8,47.09,48.29,64905.44,Communication Services,1.68
NAVA,594.45,665.78,10,59.32,18.91,16823.01,Industrials,2.37
NAVINFLUOR,6135.0,6871.2,3,49.93,56.86,31489.62,Basic Materials,0.99
NAVKARCORP,95.31,106.75,10,62.07,0.0,1434.6,Industrials,1.9
NAVKARURB,0.8,0.9,0,34.43,0.0,91.47,Basic Materials,0.98
NAVNETEDUL,131.77,147.58,6,47.8,8.8,2920.81,Communication Services,0.29
NAZARA,250.83,280.93,8,54.12,0.0,9292.37,Communication Services,2.51
NBCC,87.83,98.37,6,52.26,36.29,23714.1,Industrials,0.92
NBIFIN,1794.7,2010.06,6,50.67,34.67,530.31,Financial Services,0.67
NCC,147.95,165.7,8,55.47,12.84,9288.99,Industrials,0.76
NCLIND,181.47,203.25,8,55.83,13.61,822.2,Basic Materials,0.5
NDGL,2473.6,2770.43,6,50.02,51.63,247.36,Financial Services,0.13
NDL,2.55,2.86,6,55.13,1.1,368.82,Consumer Cyclical,0.51
NDLVENTURE,121.07,135.6,8,58.54,432.39,407.66,Communication Services,0.19
NDRAUTO,715.35,801.19,8,54.38,28.36,1706.48,Consumer Cyclical,1.39
NDTV,75.91,85.02,6,54.47,0.0,856.45,Communication Services,0.85
NECCLTD,15.23,17.06,8,63.1,16.74,152.38,Industrials,0.96
NECLIFE,10.69,11.97,3,44.83,0.0,207.66,Healthcare,0.93
NELCAST,122.67,137.39,8,54.35,22.84,1070.22,Industrials,1.27
NELCO,623.85,698.71,8,56.21,0.0,1425.18,Technology,0.84
NEOGEN,1301.4,1457.57,6,51.78,174.92,3433.31,Basic Materials,0.66
NEPHROPLUS,552.3,618.58,8,54.15,77.9,5541.82,Healthcare,0.48
NESCO,1124.1,1258.99,8,58.27,19.39,7930.1,Industrials,0.94
NESTLEIND,1228.7,1376.14,6,52.05,72.83,236931.99,Consumer Defensive,0.91
NETWEB,3340.1,3740.91,8,54.64,106.17,19035.69,Technology,0.79
NETWORK18,32.05,35.9,6,51.24,32.05,4950.08,Communication Services,0.79
NEULANDLAB,14723.0,16489.76,7,71.06,105.81,18908.43,Healthcare,1.72
NEWGEN,457.2,512.06,6,47.8,21.68,6436.83,Technology,0.51
NEXTMEDIA,4.33,4.85,3,46.11,0.45,29.79,Communication Services,0.55
NFL,74.87,83.85,6,55.89,18.86,3678.58,Basic Materials,1.42
NGIL,26.55,29.74,8,57.38,0.6,47.3,Consumer Defensive,0.81
NGLFINE,2361.8,2645.22,10,59.8,41.18,1462.03,Healthcare,2.33
NH,1728.2,1935.58,6,53.47,45.11,35099.71,Healthcare,0.66
NHPC,77.11,86.36,10,55.59,49.43,77457.26,Utilities,1.87
NIACL,129.94,145.53,6,47.06,17.95,21431.98,Financial Services,0.8
NIBE,938.55,1051.18,3,47.34,0.0,1402.31,Industrials,0.93
NIBL,28.75,32.2,3,47.79,4.15,69.91,Industrials,0.25
NIITLTD,64.1,71.79,8,52.84,38.38,874.22,Consumer Defensive,1.83
NIITMTS,308.75,345.8,6,52.02,19.75,4235.04,Consumer Defensive,0.66
NILAINFRA,8.41,9.42,8,64.6,14.5,331.26,Real Estate,0.71
NILASPACES,13.73,15.38,8,56.08,22.51,540.81,Real Estate,0.46
NILKAMAL,1283.3,1437.3,6,54.04,17.69,1921.39,Consumer Cyclical,0.32
NINSYS,417.05,467.1,5,69.11,25.31,774.71,Technology,0.16
NIPPOBATRY,335.5,375.76,8,60.93,0.0,254.65,Industrials,0.98
NIRAJ,27.68,31.0,6,54.83,6.14,165.23,Industrials,0.69
NIRAJISPAT,185.36,207.6,0,36.77,7.25,11.12,Consumer Cyclical,0.49
NITCO,82.35,92.23,8,51.97,2.78,1886.77,Industrials,0.46
NITINSPIN,383.65,429.69,8,57.74,12.95,2156.88,Consumer Cyclical,0.68
NITIRAJ,211.57,236.96,5,51.64,133.06,216.88,Technology,0.88
NKIND,63.24,70.83,6,50.73,0.0,42.48,Consumer Defensive,0.98
NLCINDIA,268.8,301.06,8,53.16,13.99,37272.79,Utilities,0.41
NMDC,84.44,94.57,8,63.15,10.76,74238.11,Basic Materials,1.03
NOCIL,165.05,184.86,8,62.89,46.23,2756.75,Basic Materials,0.07
NOIDATOLL,3.71,4.16,8,57.66,2.51,69.24,Industrials,0.97
NORBTEAEXP,85.49,95.75,0,41.05,0.0,132.89,Consumer Defensive,1.31
NORTHARC,234.6,262.75,6,52.46,12.33,3790.21,Financial Services,0.42
NOVAAGRI,28.52,31.94,6,56.69,14.85,256.74,Basic Materials,1.22
NPST,1261.1,1412.43,8,60.51,70.33,2629.48,Technology,0.8
NRAIL,422.5,473.2,6,51.06,31.67,719.06,Basic Materials,0.32
NRBBEARING,252.22,282.49,6,52.38,24.63,2445.01,Consumer Cyclical,0.62
NRL,50.77,56.86,6,53.78,25.9,350.66,Industrials,0.18
NSIL,5484.9,6143.09,6,51.56,124.06,2818.19,Financial Services,0.7
NSLNISP,40.81,45.71,8,63.16,0.0,11962.51,Basic Materials,1.29
NTPC,378.65,424.09,8,55.0,20.95,367164.29,Utilities,1.21
NTPCGREEN,96.15,107.69,8,53.16,139.35,81019.16,Utilities,0.27
NUCLEUS,831.3,931.06,8,54.78,14.92,2188.42,Technology,0.3
NURECA,254.91,285.5,6,52.58,23.11,254.87,Healthcare,0.4
NUVAMA,1294.8,1450.18,8,62.24,23.45,23580.91,Financial Services,0.75
NUVOCO,305.65,342.33,6,51.95,28.41,10924.39,Basic Materials,0.63
NYKAA,254.93,285.52,8,55.46,531.1,73022.67,Consumer Cyclical,0.75
OAL,263.09,294.66,6,57.95,1143.87,885.39,Basic Materials,0.27
OBCL,55.33,61.97,3,47.16,0.0,116.65,Industrials,0.06
OBEROIRLTY,1653.5,1851.92,5,68.04,26.88,60130.62,Real Estate,1.49
OCCLLTD,92.8,103.94,8,57.96,12.51,463.54,Basic Materials,0.38
ODIGMA,27.9,31.25,7,66.34,0.0,87.21,Communication Services,2.12
OFSS,7217.5,8083.6,8,60.92,25.84,62820.94,Technology,0.69
OIL,470.75,527.24,5,49.23,13.13,76599.62,Energy,1.85
OILCOUNTUB,43.77,49.02,8,53.07,0.0,228.23,Energy,1.63
OLAELEC,36.32,40.68,7,75.88,0.0,15247.11,Consumer Cyclical,5.21
OLECTRA,1131.3,1267.06,8,61.91,65.13,9285.79,Industrials,1.02
OMAXAUTO,104.64,117.2,6,54.95,11.1,224.36,Consumer Cyclical,0.31
OMAXE,76.03,85.15,8,56.14,0.0,1390.59,Real Estate,0.19
OMFREIGHT,80.68,90.36,8,59.58,14.23,271.69,Industrials,1.68
OMINFRAL,89.65,100.41,8,56.91,29.88,865.67,Industrials,0.64
OMKARCHEM,4.24,4.75,6,53.52,0.0,8.73,Basic Materials,0.6
ONELIFECAP,15.02,16.82,6,48.18,0.0,56.11,Financial Services,0.06
ONEPOINT,51.11,57.24,5,65.0,37.58,1341.62,Industrials,1.16
ONESOURCE,1375.7,1540.78,5,46.96,786.11,15831.45,Healthcare,0.26
ONGC,288.6,323.23,8,64.8,9.55,363066.87,Energy,0.56
ONMOBILE,45.0,50.4,0,44.8,27.61,478.7,Communication Services,1.07
ONWARDTEC,245.63,275.11,6,49.78,12.39,552.95,Technology,0.42
OPTIEMUS,363.0,406.56,6,54.62,49.05,3219.4,Technology,0.92
ORBTEXP,161.89,181.32,6,54.6,11.22,440.36,Consumer Cyclical,0.24
ORCHASP,2.02,2.26,0,40.1,0.0,64.55,Technology,0.6
ORCHPHARMA,541.85,606.87,6,48.56,144.11,2748.94,Healthcare,0.61
ORICONENT,66.94,74.97,8,53.61,33.3,1057.58,Consumer Cyclical,0.45
ORIENTALTL,7.2,8.06,5,66.34,9.35,52.93,Industrials,1.28
ORIENTBELL,269.25,301.56,6,49.08,44.21,396.08,Industrials,1.0
ORIENTCEM,137.34,153.82,6,48.55,8.7,2823.11,Basic Materials,0.77
ORIENTCER,40.2,45.02,8,56.33,24.51,480.95,Basic Materials,0.25
ORIENTELEC,159.7,178.86,2,43.88,39.24,3407.84,Consumer Cyclical,2.09
ORIENTHOT,96.34,107.9,6,55.21,31.28,1720.62,Consumer Cyclical,0.44
ORIENTLTD,59.14,66.24,2,44.94,0.0,59.3,Consumer Cyclical,1.59
ORIENTPPR,18.03,20.19,6,57.34,0.0,382.57,Basic Materials,0.62
ORIENTTECH,268.84,301.1,6,49.97,57.82,1231.45,Technology,0.64
ORISSAMINE,3692.3,4135.38,6,51.05,0.0,2215.38,Basic Materials,0.47
ORKLAINDIA,623.95,698.82,5,68.82,34.59,8547.44,Consumer Defensive,0.55
ORTEL,1.62,1.81,5,48.53,0.0,5.34,Communication Services,1.07
ORTINGLOBE,15.4,17.25,8,50.86,0.0,12.52,Healthcare,0.11
OSIAHYPER,3.86,4.32,0,18.56,2.82,63.53,Consumer Cyclical,0.09
OSWALAGRO,51.86,58.08,10,62.49,8.02,696.14,Real Estate,1.79
OSWALGREEN,27.21,30.48,8,58.15,34.88,698.78,Financial Services,0.79
OSWALPUMPS,366.1,410.03,8,63.44,42.82,4172.71,Industrials,1.07
OSWALSEEDS,12.34,13.82,8,58.66,31.64,112.87,Basic Materials,7.9
PACEDIGITK,150.28,168.31,0,42.54,12.69,3243.81,Technology,1.25
PAGEIND,35950.0,40264.0,5,70.87,53.56,40122.49,Consumer Cyclical,0.96
PAISALO,38.02,42.58,5,67.1,16.25,3458.0,Financial Services,1.01
PAKKA,91.81,102.83,8,58.01,68.51,413.45,Basic Materials,0.55
PALASHSECU,93.41,104.62,8,61.21,7.36,93.44,Consumer Defensive,0.33
PALREDTEC,32.93,36.88,6,56.42,0.0,40.5,Technology,0.75
PANACEABIO,321.9,360.53,3,46.64,0.0,1971.66,Healthcare,0.89
PANACHE,308.15,345.13,6,49.69,55.42,469.25,Technology,1.05
